--
-- PostgreSQL database dump
--

\restrict khxdVZJ1Y1w4TaVZcmqFMRuK5WuNymkXjvZ9kIAbDmcsacZCyt72CKJPN3UmoNp

-- Dumped from database version 17.7
-- Dumped by pg_dump version 17.7

-- Started on 2026-04-02 17:30:30

SET statement_timeout = 0;
SET lock_timeout = 0;
SET idle_in_transaction_session_timeout = 0;
SET client_encoding = 'UTF8';
SET standard_conforming_strings = on;
SELECT pg_catalog.set_config('search_path', '', false);
SET check_function_bodies = false;
SET xmloption = content;
SET client_min_messages = warning;
SET row_security = off;

SET default_tablespace = '';

SET default_table_access_method = heap;

--
-- TOC entry 218 (class 1259 OID 16390)
-- Name: evaluation; Type: TABLE; Schema: public; Owner: postgres
--

CREATE TABLE public.evaluation (
    id bigint NOT NULL,
    created_at timestamp(6) without time zone,
    expected_text_snapshot text,
    mistakes text,
    score numeric(5,2),
    transcript text,
    sentence_id bigint NOT NULL,
    user_id bigint
);


ALTER TABLE public.evaluation OWNER TO postgres;

--
-- TOC entry 217 (class 1259 OID 16389)
-- Name: evaluation_id_seq; Type: SEQUENCE; Schema: public; Owner: postgres
--

ALTER TABLE public.evaluation ALTER COLUMN id ADD GENERATED BY DEFAULT AS IDENTITY (
    SEQUENCE NAME public.evaluation_id_seq
    START WITH 1
    INCREMENT BY 1
    NO MINVALUE
    NO MAXVALUE
    CACHE 1
);


--
-- TOC entry 220 (class 1259 OID 16398)
-- Name: lesson; Type: TABLE; Schema: public; Owner: postgres
--

CREATE TABLE public.lesson (
    id bigint NOT NULL,
    created_at timestamp(6) without time zone,
    description character varying(255),
    title character varying(255) NOT NULL,
    video_id character varying(255) NOT NULL,
    youtube_url character varying(255) NOT NULL
);


ALTER TABLE public.lesson OWNER TO postgres;

--
-- TOC entry 219 (class 1259 OID 16397)
-- Name: lesson_id_seq; Type: SEQUENCE; Schema: public; Owner: postgres
--

ALTER TABLE public.lesson ALTER COLUMN id ADD GENERATED BY DEFAULT AS IDENTITY (
    SEQUENCE NAME public.lesson_id_seq
    START WITH 1
    INCREMENT BY 1
    NO MINVALUE
    NO MAXVALUE
    CACHE 1
);


--
-- TOC entry 222 (class 1259 OID 16406)
-- Name: sentence; Type: TABLE; Schema: public; Owner: postgres
--

CREATE TABLE public.sentence (
    id bigint NOT NULL,
    content text NOT NULL,
    end_time real,
    order_index integer,
    start_time real,
    lesson_id bigint NOT NULL,
    ipa text,
    translation text
);


ALTER TABLE public.sentence OWNER TO postgres;

--
-- TOC entry 221 (class 1259 OID 16405)
-- Name: sentence_id_seq; Type: SEQUENCE; Schema: public; Owner: postgres
--

ALTER TABLE public.sentence ALTER COLUMN id ADD GENERATED BY DEFAULT AS IDENTITY (
    SEQUENCE NAME public.sentence_id_seq
    START WITH 1
    INCREMENT BY 1
    NO MINVALUE
    NO MAXVALUE
    CACHE 1
);


--
-- TOC entry 224 (class 1259 OID 16414)
-- Name: users; Type: TABLE; Schema: public; Owner: postgres
--

CREATE TABLE public.users (
    id bigint NOT NULL,
    created_at timestamp(6) without time zone,
    email character varying(255) NOT NULL,
    is_active boolean,
    password character varying(255) NOT NULL,
    role character varying(255) NOT NULL,
    updated_at timestamp(6) without time zone,
    username character varying(255) NOT NULL
);


ALTER TABLE public.users OWNER TO postgres;

--
-- TOC entry 223 (class 1259 OID 16413)
-- Name: users_id_seq; Type: SEQUENCE; Schema: public; Owner: postgres
--

ALTER TABLE public.users ALTER COLUMN id ADD GENERATED BY DEFAULT AS IDENTITY (
    SEQUENCE NAME public.users_id_seq
    START WITH 1
    INCREMENT BY 1
    NO MINVALUE
    NO MAXVALUE
    CACHE 1
);


--
-- TOC entry 4918 (class 0 OID 16390)
-- Dependencies: 218
-- Data for Name: evaluation; Type: TABLE DATA; Schema: public; Owner: postgres
--

COPY public.evaluation (id, created_at, expected_text_snapshot, mistakes, score, transcript, sentence_id, user_id) FROM stdin;
2	2026-03-09 11:53:25.081486	Bad Bunny's Super Bowl performance\nand what people are saying about it.	{wrong_words=[on, going, whats], missing_words=[bad, bowl, and, about, bunnys, people, are, performance, super, it, what, saying]}	24.64	What's going on? What's going on?	691	\N
3	2026-03-14 11:12:25.489896	The BBC described it as "one big love\nletter to his native Puerto Rico."	{wrong_words=[much, very, thank, you], missing_words=[described, as, it, bbc, big, one, love, letter, his, puerto, rico, the, native, to]}	17.39	Thank you very much.	709	\N
4	2026-03-14 15:43:10.718573	In this programme,	{wrong_words=[program], missing_words=[programme]}	88.24	In this program	690	\N
5	2026-03-14 15:43:28.540743	In this programme,	{wrong_words=[program], missing_words=[programme]}	88.24	In this program	690	\N
6	2026-03-14 15:43:44.517323	In this programme,	{wrong_words=[program], missing_words=[programme]}	88.24	In this program	690	\N
7	2026-03-14 15:43:50.81358	In this programme,	{wrong_words=[grandma, of, row], missing_words=[programme]}	59.09	In this row of grandma.	690	\N
8	2026-03-14 15:43:56.468689	In this programme,	{wrong_words=[program], missing_words=[programme]}	88.24	In this program	690	\N
9	2026-03-14 15:44:27.147356	In this programme,	{wrong_words=[], missing_words=[this, in, programme]}	0.00		690	\N
10	2026-03-14 15:44:35.098286	In this programme,	{wrong_words=[quarter], missing_words=[in, programme]}	35.29	This quarter...	690	\N
11	2026-03-14 15:44:48.745227	In this programme,	{wrong_words=[program], missing_words=[programme]}	88.24	In this program	690	\N
12	2026-03-30 15:09:43.746191	In this programme,	{wrong_words=[you, here, all, being, for, thank], missing_words=[this, in, programme]}	21.43	Thank you all for being here.	690	2
13	2026-04-01 08:06:25.646424	Bad Bunny's Super Bowl performance\nand what people are saying about it.	{wrong_words=[], missing_words=[bunnys, super, about, performance, and, are, it, what, people, saying, bowl, bad]}	0.00		691	2
14	2026-04-01 13:10:19.611701	From BBC Learning English.	{wrong_words=[], missing_words=[from, bbc, learning, english]}	0.00		688	2
15	2026-04-01 18:29:45.997603	to help you learn.	{word_analysis=[{word=to, status=wrong}, {word=help, status=wrong}, {word=you, status=correct}, {word=learn., status=wrong}], extra_words=[should, keep, them]}	25.00	You should keep them.	2579	2
16	2026-04-01 18:30:21.935064	to help you learn.	{word_analysis=[{word=to, status=wrong}, {word=help, status=wrong}, {word=you, status=wrong}, {word=learn., status=wrong}], extra_words=[]}	0.00		2579	2
17	2026-04-01 19:09:39.092382	to help you learn.	{word_analysis=[{word=to, status=wrong}, {word=help, status=wrong}, {word=you, status=correct}, {word=learn., status=wrong}], extra_words=[okay, okay, were, done]}	34.78	Okay, okay, you were done.	2579	2
\.


--
-- TOC entry 4920 (class 0 OID 16398)
-- Dependencies: 220
-- Data for Name: lesson; Type: TABLE DATA; Schema: public; Owner: postgres
--

COPY public.lesson (id, created_at, description, title, video_id, youtube_url) FROM stdin;
1	2026-03-03 23:56:34.880854	Learn basic English pronunciation with native speakers	English Pronunciation Basics	dQw4w9WgXcQ	https://www.youtube.com/watch?v=dQw4w9WgXcQ
2	2026-03-03 23:59:28.476529	Practice American accent with everyday conversations	Speak English Naturally | Real-Life English Conversations for Beginners	vLUKMeGi02A	https://www.youtube.com/watch?v=vLUKMeGi02A
4	2026-03-04 21:05:31.756449	Improve your English listening and speaking skills with this fun daily conversation! In this short story, Mia and Leo are planning a secret surprise birthday party for their friend	The Surprise Birthday Party | Easy English Listening (A2 Level) | Daily English Conversation	6d5mIROxrKA	https://www.youtube.com/watch?v=6d5mIROxrKA
6	2026-03-06 13:32:58.089891	Listen to Neil and Georgie have a real conversation in easy English about restaurants. Learn to talk about the food you like and how to order in a restaurant	Talking about your childhood	yHNOHXFbP78	https://www.youtube.com/watch?v=yHNOHXFbP78
7	2026-03-06 13:34:34.691544	Listen to Neil and Georgie have a real conversation in easy English about restaurants. Learn to talk about the food you like and how to order in a restaurant	Talking about your childhood	yHNOHXFbP78	https://www.youtube.com/watch?v=yHNOHXFbP78
9	2026-03-06 23:39:01.997723	How much do we really know about pepper? There are hundreds of different varieties worldwide and they all have the power to add that special something to our food. Neil and Becca discuss this and teach you some new vocabulary	The power of pepper ⏲️ 6 Minute English	8uFBMD23d5k	https://www.youtube.com/watch?v=8uFBMD23d5k
10	2026-03-07 11:15:38.242385	What's she like? Learn how to talk about people's personalities in Easy English Conversation	What is she like? Easy English Conversations 💬 Episode 16	osDr7To4Ml4	https://www.youtube.com/watch?v=osDr7To4Ml4
11	2026-03-07 13:16:54.695882	Bad Bunny's Super Bowl show has divided opinion.	Bad Bunny’s Super Bowl show: BBC Learning English from the News	Co2PDurt7YE	https://www.youtube.com/watch?v=Co2PDurt7YE
12	2026-04-01 08:12:55.743201	Listen to Georgie and Neil have a real conversation in easy English about socialising. Learn to talk about seeing your friends and meeting new people	Talking about socialising 👋🥳🤭 Real Easy English	d0GKyzG9OWA	https://www.youtube.com/watch?v=d0GKyzG9OWA
\.


--
-- TOC entry 4922 (class 0 OID 16406)
-- Dependencies: 222
-- Data for Name: sentence; Type: TABLE DATA; Schema: public; Owner: postgres
--

COPY public.sentence (id, content, end_time, order_index, start_time, lesson_id, ipa, translation) FROM stdin;
1	Good morning, [music] Mia. How are you	15.8	0	10.8	4	\N	\N
2	today?	15.8	1	12.8	4	\N	\N
3	>> Good morning, Leo. [music] I am very	21.6	2	15.84	4	\N	\N
4	good, thank you. But you look tired. Did	25.04	3	18	4	\N	\N
5	you sleep well last night?	28.64	4	21.6	4	\N	\N
6	>> No, I did not sleep well. I played video	32.24	5	25.04	4	\N	\N
7	games until late at night. What are you	34.4	6	28.64	4	\N	\N
8	doing?	37.33	7	32.24	4	\N	\N
9	>> I am looking at my calendar. Leo,	39.2	8	34.4	4	\N	\N
10	[music] do you know what day it is this	41.28	9	37.34	4	\N	\N
11	Saturday?	45.28	10	39.2	4	\N	\N
12	>> This Saturday? H is it a holiday? Is it	48.84	11	41.28	4	\N	\N
13	a special day?	48.84	12	45.28	4	\N	\N
14	>> Yes, it is a very special day. [music]	57.32	13	49.28	4	\N	\N
15	It is Sam's birthday. Did you forget?	57.32	14	52	4	\N	\N
16	>> Oh no, you are right. It is Sam's	64.56	15	57.6	4	\N	\N
17	birthday. I completely forgot. Thank you	67.44	16	61.44	4	\N	\N
18	for telling me. How old is he going to	70.44	17	64.56	4	\N	\N
19	be?	70.44	18	67.44	4	\N	\N
20	>> He is going to be 25 years old. I want	76.96	19	70.88	4	\N	\N
21	to do something special for him. [music]	79.92	20	74.48	4	\N	\N
22	Do you want to help me?	83.12	21	76.96	4	\N	\N
23	>> Yes, of course I want to help. What	85.44	22	79.92	4	\N	\N
24	should we do? Should we buy him a big	87.68	23	83.12	4	\N	\N
25	present?	90.4	24	85.44	4	\N	\N
26	>> A present is good, [music] but I have a	93.36	25	87.68	4	\N	\N
27	better idea. Let's throw a surprise	96.32	26	90.4	4	\N	\N
28	birthday party for him.	98.8	27	93.36	4	\N	\N
29	>> A surprise party? [music] That is a	102.48	28	96.32	4	\N	\N
30	great idea. Sam loves parties. Where	105.36	29	98.8	4	\N	\N
31	should we have the party?	107.92	30	102.48	4	\N	\N
32	>> Let's have it at my house. My living	110.24	31	105.36	4	\N	\N
33	room is big. [music] We can invite all	113.52	32	107.92	4	\N	\N
34	our friends.	119.08	33	110.24	4	\N	\N
35	Okay. What time should the party start?	119.08	34	113.52	4	\N	\N
36	>> Let's start the party at 7:00 in the	125.44	35	120	4	\N	\N
37	evening. But we need to invite people	130.44	36	122.8	4	\N	\N
38	now. Can you call our friends?	130.44	37	125.44	4	\N	\N
39	>> Yes, I can call them. [music] I will	136.8	38	131.76	4	\N	\N
40	call David, Emma, and Lucas. How many	139.68	39	133.76	4	\N	\N
41	people are we going to invite?	142.08	40	136.8	4	\N	\N
42	I think 10 people is perfect. [music]	145.52	41	139.68	4	\N	\N
43	Not too big, not too small.	149.04	42	142.08	4	\N	\N
44	>> Okay, 10 people. We need to buy a lot of	151.44	43	145.52	4	\N	\N
45	food and drinks. What kind of [music]	154.48	44	149.04	4	\N	\N
46	food does Sam like?	157.86	45	151.44	4	\N	\N
47	>> Sam likes pizza, sandwiches, and snacks.	160.64	46	154.48	4	\N	\N
48	[music] And he loves chocolate cake. We	163.92	47	157.86	4	\N	\N
49	must buy a big chocolate cake.	167.84	48	160.64	4	\N	\N
50	>> Should we make the food or buy the food?	170.08	49	163.92	4	\N	\N
51	I think we can make sandwiches, [music]	171.84	50	167.84	4	\N	\N
52	but we should buy the pizza and the	175.04	51	170.08	4	\N	\N
53	cake. It is easier.	178	52	171.84	4	\N	\N
54	>> I agree. Let's go to the supermarket	180.16	53	175.04	4	\N	\N
55	this afternoon. We [music] need to buy	183.84	54	178	4	\N	\N
56	decorations, too. Balloons and a happy	186.64	55	180.16	4	\N	\N
57	birthday banner.	189.28	56	183.84	4	\N	\N
58	>> Perfect. [music] Let's meet here again	193.76	57	186.64	4	\N	\N
59	at 2:00. Then we will go shopping.	197.84	58	189.28	4	\N	\N
60	>> Okay. See you at 2:00. This is going to	201.04	59	193.76	4	\N	\N
61	be so much fun.	204	60	197.84	4	\N	\N
62	>> All right, Leo. What is first on our	206.56	61	201.04	4	\N	\N
63	shopping list?	209.44	62	204	4	\N	\N
64	>> First, [music] we need snacks. Let's buy	212.32	63	206.56	4	\N	\N
65	some potato chips. Everybody likes	214.8	64	209.44	4	\N	\N
66	potato chips.	217.46	65	212.32	4	\N	\N
67	>> Good idea. Which flavor should we get?	220.4	66	214.8	4	\N	\N
68	[music] The red bag is tomato flavor and	223.84	67	217.46	4	\N	\N
69	the blue bag is cheese flavor.	227.12	68	220.4	4	\N	\N
70	Let's get the cheese flavor. Sam really	229.44	69	223.84	4	\N	\N
71	likes cheese. Should [music] we get two	231.44	70	227.12	4	\N	\N
72	bags?	234.48	71	229.44	4	\N	\N
73	>> No. Two bags are not enough for 10	237.04	72	231.44	4	\N	\N
74	people. [music] Let's get four bags of	238.88	73	234.48	4	\N	\N
75	cheese chips. And let's get some	241.28	74	237.04	4	\N	\N
76	popcorn, too.	245.2	75	238.88	4	\N	\N
77	>> Okay. Four bags of chips and two boxes	246.4	76	241.28	4	\N	\N
78	of popcorn. [music]	250.4	77	245.2	4	\N	\N
79	Put them in the cart. What is next?	253.28	78	246.4	4	\N	\N
80	>> Next, [music] we need drinks. Let's go	256.08	79	250.4	4	\N	\N
81	to the drinks aisle. It is over there	259.52	80	253.28	4	\N	\N
82	next [music] to the fresh fruit.	263.44	81	256.08	4	\N	\N
83	>> Wow, there are so many drinks here. What	268.96	82	259.52	4	\N	\N
84	should we buy? Soda, juice, or water?	271.52	83	263.44	4	\N	\N
85	>> Let's buy all of them. [music] We need	274.56	84	268.96	4	\N	\N
86	two large bottles of cola, one bottle of	278.8	85	271.52	4	\N	\N
87	orange juice, and some bottled water.	281.52	86	274.56	4	\N	\N
88	>> I see the cola. [music] It is very	284.88	87	278.8	4	\N	\N
89	heavy. Can you help me?	288.24	88	281.52	4	\N	\N
90	>> Yes, I got it. Okay. Now, we need things	291.44	89	284.88	4	\N	\N
91	for the sandwiches. We need bread, ham,	294.16	90	288.24	4	\N	\N
92	cheese, and tomatoes.	296.72	91	291.44	4	\N	\N
93	>> I can find the bread. You can find the	300.36	92	294.16	4	\N	\N
94	ham and cheese.	300.36	93	296.72	4	\N	\N
95	I have two loaves of white bread. Is	306.48	94	300.64	4	\N	\N
96	that okay?	307.12	95	303.44	4	\N	\N
97	>> Yes, [music]	310.48	96	306.48	4	\N	\N
98	that is perfect. Now, the most important	314.36	97	307.12	4	\N	\N
99	thing, the decorations.	314.36	98	310.48	4	\N	\N
100	>> Let's find the party section. Oh, look,	321.2	99	314.88	4	\N	\N
101	there are balloons. I want to buy blue	324.24	100	318.32	4	\N	\N
102	and white balloons.	326.96	101	321.2	4	\N	\N
103	>> Blue and white are nice colors. Let's	329.36	102	324.24	4	\N	\N
104	buy a pack of 50 balloons. [music] And	332.88	103	326.96	4	\N	\N
105	we need birthday candles for the cake.	337.52	104	329.36	4	\N	\N
106	>> How many candles do we need? 25.	341.12	105	332.88	4	\N	\N
107	Yes, [music] 25 candles. Or we can buy	344.24	106	337.52	4	\N	\N
108	the numbers two and five. It is easier	346.88	107	341.12	4	\N	\N
109	to blow out.	348.72	108	344.24	4	\N	\N
110	>> Let's buy the numbers. [music]	352.39	109	346.88	4	\N	\N
111	It is cheaper, too. Oh, wait. We forgot	355.28	110	348.72	4	\N	\N
112	[music] the cake. We need to order the	357.76	111	352.39	4	\N	\N
113	chocolate cake.	360.48	112	355.28	4	\N	\N
114	>> Oh, no. You [music] are right. The	363.52	113	357.76	4	\N	\N
115	bakery is across the street. We need to	367.12	114	360.48	4	\N	\N
116	go there after we pay for these things.	369.84	115	363.52	4	\N	\N
117	Let's go to the cashier now. I hope we	372.08	116	367.12	4	\N	\N
118	have enough money. [music] The cart is	375.56	117	369.84	4	\N	\N
119	very full.	375.56	118	372.08	4	\N	\N
120	>> Hi Leo, you are back. [music] Did you	382.08	119	375.6	4	\N	\N
121	get the chocolate cake from the bakery?	386.4	120	378.64	4	\N	\N
122	>> Mia, I have a small problem. Please do	389.52	121	382.08	4	\N	\N
123	not be angry with me.	392.72	122	386.4	4	\N	\N
124	>> What is wrong? Did you drop the cake?	395.28	123	389.52	4	\N	\N
125	Tell me the truth.	398.88	124	392.72	4	\N	\N
126	No, I did not drop the cake. The cake is	401.84	125	395.28	4	\N	\N
127	safe. But they did not have any	404.56	126	398.88	4	\N	\N
128	chocolate cakes left.	407.28	127	401.84	4	\N	\N
129	>> What? No chocolate cakes. [music]	410.08	128	404.56	4	\N	\N
130	But Sam loves chocolate. What did you	411.92	129	407.28	4	\N	\N
131	buy?	415.44	130	410.08	4	\N	\N
132	>> I bought a strawberry cake. It is pink.	418.32	131	411.92	4	\N	\N
133	It looks very beautiful and it smells	420.8	132	415.44	4	\N	\N
134	very sweet.	424.48	133	418.32	4	\N	\N
135	>> Oh, Leo, [music] it is very pink. Does	427.36	134	420.8	4	\N	\N
136	Sam like strawberries?	430.4	135	424.48	4	\N	\N
137	>> I don't know. I think everyone likes	432.24	136	427.36	4	\N	\N
138	strawberries, right? [music]	436.64	137	430.4	4	\N	\N
139	It is a fruit. Fruit is healthy.	438.48	138	432.24	4	\N	\N
140	>> Well, [music] it is too late to change	442	139	436.64	4	\N	\N
141	it now. We will use the strawberry cake.	444.09	140	438.48	4	\N	\N
142	We still have a lot of work to do.	445.6	141	442	4	\N	\N
143	[music] Can you help me make the	448.08	142	444.1	4	\N	\N
144	sandwiches?	451.04	143	445.6	4	\N	\N
145	>> Yes, I am sorry about the cake. I will	452.64	144	448.08	4	\N	\N
146	make the best sandwiches [music]	456.88	145	451.04	4	\N	\N
147	in the world. What do I do?	459.84	146	452.64	4	\N	\N
148	>> First, take two pieces of bread. Put	462.16	147	456.88	4	\N	\N
149	some butter on the bread. Then, [music]	464.8	148	459.84	4	\N	\N
150	put one slice of ham and one slice of	467.84	149	462.16	4	\N	\N
151	cheese. Add a tomato slice. Then, close	469.68	150	464.8	4	\N	\N
152	it.	472.64	151	467.84	4	\N	\N
153	>> That is easy. [music] Bread, butter,	476.72	152	469.68	4	\N	\N
154	ham, cheese, tomato, bread. Look, I made	479.68	153	472.64	4	\N	\N
155	one. How does it look?	482.72	154	476.72	4	\N	\N
156	It looks great. Now, please make 20	484.64	155	479.68	4	\N	\N
157	more. [music]	488.88	156	482.72	4	\N	\N
158	>> 20 more. Okay, I will [music] work fast.	492	157	484.64	4	\N	\N
159	What are you going to do?	494.64	158	488.88	4	\N	\N
160	>> I am going to blow up the balloons and	497.04	159	492	4	\N	\N
161	hang the happy birthday banner in the	500.08	160	494.64	4	\N	\N
162	living room. The party starts in 2	503.52	161	497.04	4	\N	\N
163	hours. We need to hurry.	505.76	162	500.08	4	\N	\N
164	>> Don't worry, Mia. Everything will be	509.84	163	503.52	4	\N	\N
165	ready. This will be a great party.	514.16	164	505.76	4	\N	\N
166	It is 7:15. The party started at 7:00.	516.64	165	509.84	4	\N	\N
167	All our friends are here. But where is	518.88	166	514.16	4	\N	\N
168	Sam? Did you tell him to come to my	520.72	167	516.64	4	\N	\N
169	house?	523.92	168	518.88	4	\N	\N
170	>> Yes, I talked to him this morning. I	528.24	169	520.72	4	\N	\N
171	told him we are having dinner tonight.	530.56	170	523.92	4	\N	\N
172	>> What exactly did you tell him, Leo?	532.56	171	528.24	4	\N	\N
173	[music] Please try to remember your	534.32	172	530.56	4	\N	\N
174	words.	537.12	173	532.56	4	\N	\N
175	I said, [music] "Hey, Sam, let's have	540.32	174	534.32	4	\N	\N
176	dinner tonight at 7:00. Meet me at the	542.4	175	537.12	4	\N	\N
177	restaurant." [music]	546.24	176	540.32	4	\N	\N
178	The restaurant? Which restaurant?	549.2	177	542.4	4	\N	\N
179	>> The Italian restaurant near the park. We	552.72	178	546.24	4	\N	\N
180	always go there on Saturdays.	555.76	179	549.2	4	\N	\N
181	>> Oh my gosh, Leo. The surprise party is	559.04	180	552.72	4	\N	\N
182	at my house, not at the restaurant. He	560.8	181	555.76	4	\N	\N
183	is waiting for you at the restaurant	563.12	182	559.04	4	\N	\N
184	right now.	567.24	183	560.8	4	\N	\N
185	Oh no, I am so stupid. I forgot we	569.52	184	563.12	4	\N	\N
186	[music] changed the plan. What should I	573.2	185	567.24	4	\N	\N
187	do? Should I run to the restaurant?	576.8	186	569.52	4	\N	\N
188	No, it is too far. [music] Call him on	579.44	187	573.2	4	\N	\N
189	your phone right now. Tell him to come	582	188	576.8	4	\N	\N
190	to my house.	584.24	189	579.44	4	\N	\N
191	>> Hello, [music] Sam. It's Leo. Where are	586.16	190	582	4	\N	\N
192	you?	589.36	191	584.24	4	\N	\N
193	>> Hi, Leo. I am at the Italian restaurant.	592	192	586.16	4	\N	\N
194	I am sitting at a table near the window.	595.76	193	589.36	4	\N	\N
195	Where are you? I am very hungry.	598.72	194	592	4	\N	\N
196	Listen [music] Sam, I am very sorry. I	602	195	595.76	4	\N	\N
197	made a mistake. We are not eating at the	604.48	196	598.72	4	\N	\N
198	restaurant tonight. [music]	608.32	197	602	4	\N	\N
199	We are not. But I am already here. What	610.88	198	604.48	4	\N	\N
200	is going on?	613.76	199	608.32	4	\N	\N
201	Can you come to Mia's house right now?	618.72	200	610.88	4	\N	\N
202	She needs our help. It is an emergency.	622.4	201	613.76	4	\N	\N
203	An emergency. Is Mia okay? What	624.32	202	618.72	4	\N	\N
204	happened?	627.92	203	622.4	4	\N	\N
205	Mia is fine, but we need you here.	630.72	204	624.32	4	\N	\N
206	Please come fast. Do you remember how to	633.68	205	627.92	4	\N	\N
207	get to Mia's house?	637.04	206	630.72	4	\N	\N
208	Yes, I remember. I walk past the park,	639.28	207	633.68	4	\N	\N
209	turn left at the traffic light, and go	641.28	208	637.04	4	\N	\N
210	straight [music] for two blocks. Her	643.28	209	639.28	4	\N	\N
211	house is the blue one with the white	645.36	210	641.28	4	\N	\N
212	fence.	648.72	211	643.28	4	\N	\N
213	Yes, that is exactly right. Blue house,	653.04	212	645.36	4	\N	\N
214	white fence. Please hurry. Bye.	656.24	213	648.72	4	\N	\N
215	Okay, he is coming. He thinks there is	660.25	214	653.04	4	\N	\N
216	an emergency. He is walking fast.	660.4	215	656.24	4	\N	\N
217	[music]	662.96	216	660.25	4	\N	\N
218	>> Good job, Leo. Okay, everyone, hide	665.2	217	660.4	4	\N	\N
219	behind the sofa. Turn off the lights. Be	668.56	218	662.96	4	\N	\N
220	quiet. Sam is coming.	673.04	219	665.2	4	\N	\N
221	>> Mia. Leo, are you here? It is very dark.	676.08	220	668.56	4	\N	\N
222	Is everything okay?	680.56	221	673.04	4	\N	\N
223	Surprise. Happy birthday, Sam.	682.16	222	676.08	4	\N	\N
224	Oh my goodness. [music]	685.84	223	680.56	4	\N	\N
225	I can't believe it. A surprise party for	687.68	224	682.16	4	\N	\N
226	me.	691.84	225	685.84	4	\N	\N
227	Yes, for you. Happy 25th birthday, Sam.	695.2	226	687.68	4	\N	\N
228	Did you really think we forgot?	697.68	227	691.84	4	\N	\N
229	>> I did think you forgot. [music] Leo told	699.76	228	695.2	4	\N	\N
230	me to go to the restaurant. I was	702.64	229	697.68	4	\N	\N
231	sitting there alone.	706.24	230	699.76	4	\N	\N
232	I am really sorry about that, Sam. That	709.6	231	702.64	4	\N	\N
233	was my mistake. But we are here now.	712.64	232	706.24	4	\N	\N
234	Welcome to your party.	715.12	233	709.6	4	\N	\N
235	Thank you so much, guys. This is the	717.28	234	712.64	4	\N	\N
236	best surprise ever. [music] The	720.96	235	715.12	4	\N	\N
237	decorations look amazing. And wow, there	723.68	236	717.28	4	\N	\N
238	is so much food.	726.72	237	720.96	4	\N	\N
239	>> We have sandwiches, pizza, potato chips,	728.08	238	723.68	4	\N	\N
240	and popcorn. [music]	731.44	239	726.72	4	\N	\N
241	And we have a special cake for you.	734.48	240	728.08	4	\N	\N
242	>> A chocolate cake. You know I love	736.48	241	731.44	4	\N	\N
243	chocolate.	738.85	242	734.48	4	\N	\N
244	Well, about the cake, they didn't	741.2	243	736.48	4	\N	\N
245	[music] have chocolate, so I bought a	743.68	244	738.85	4	\N	\N
246	pink strawberry cake. Do you [music]	746.16	245	741.2	4	\N	\N
247	like strawberries?	750.08	246	743.68	4	\N	\N
248	Are you kidding? I love strawberry cake.	752.64	247	746.16	4	\N	\N
249	It is my [music] second favorite flavor.	755.6	248	750.08	4	\N	\N
250	It looks delicious.	758.64	249	752.64	4	\N	\N
251	Really? Thank goodness. I was so	760.56	250	755.6	4	\N	\N
252	worried.	763.76	251	758.64	4	\N	\N
253	Okay, Sam, close your eyes, make a wish,	767.04	252	760.56	4	\N	\N
254	and blow out the candles.	769.44	253	763.76	4	\N	\N
255	>> Thank you, everyone. You are the best	771.36	254	767.04	4	\N	\N
256	friends in the world. Let's [music] eat	773.68	255	769.44	4	\N	\N
257	and party.	777.04	256	771.36	4	\N	\N
258	Yes, I want a sandwich. I made them	779.36	257	773.68	4	\N	\N
259	myself.	784.36	258	777.04	4	\N	\N
260	>> Enjoy the party, Sam. We love you.	784.36	259	779.36	4	\N	\N
261	Hello, and welcome\nto Real Easy English,	3.16	0	0.28	7	\N	\N
262	the podcast\nwhere we have real conversations	6.12	1	3.16	7	\N	\N
263	in easy English to help you learn.	8.52	2	6.12	7	\N	\N
264	I'm Neil.	9.92	3	8.52	7	\N	\N
265	And I'm Beth.	10.92	4	9.92	7	\N	\N
266	You can find a video\nof this podcast and	13.92	5	10.92	7	\N	\N
267	find a worksheet to help you learn\non our website bbclearningenglish.com.	19.16	6	13.92	7	\N	\N
268	Hello, Beth, how are you?	26.88	7	25.56	7	\N	\N
269	I'm very well, thank you.\nHow are you, Neil?	28.76	8	26.88	7	\N	\N
270	I'm very happy.\nThe sun is shining today.	31.24	9	28.76	7	\N	\N
271	It is. It's a beautiful day.	33.48	10	31.24	7	\N	\N
272	What are we talking about?	35	11	33.48	7	\N	\N
273	Today we're talking\nabout our childhoods.	38.12	12	35	7	\N	\N
274	So we'll talk about life,	40.56	13	38.12	7	\N	\N
275	how it was,	41.84	14	40.56	7	\N	\N
276	What, what our lives were like\nwhen we were children.	44.92	15	41.84	7	\N	\N
277	How interesting.\nLet's get started.	47.36	16	44.92	7	\N	\N
278	So, Neil, what do you remember most\nabout your childhood?	52.24	17	47.36	7	\N	\N
279	Well, it was such a long time ago,	55.24	18	52.24	7	\N	\N
280	but I can remember things, obviously,\nquite clearly.	59.44	19	55.24	7	\N	\N
281	I lived in a different country\nwhen I was a child.	64	20	59.44	7	\N	\N
282	Where did you live?	64.84	21	64	7	\N	\N
283	I lived in Canada\nuntil I was ten years old.	69.92	22	64.84	7	\N	\N
284	So I can remember,\nvery hot, humid summers,	74.96	23	69.92	7	\N	\N
285	but very long\nand very cold and snowy winters.	78.76	24	74.96	7	\N	\N
286	So you always, like, made snowmen,\nI guess, and had snowball fights?	82.56	25	78.76	7	\N	\N
287	Yes. We always had a white Christmas,\nwhich is great.	85.92	26	82.56	7	\N	\N
288	And I don't think I've ever had\na white Christmas in England.	90	27	85.92	7	\N	\N
289	Not in the south of England.	91.6	28	90	7	\N	\N
290	Well, I moved house,	93.48	29	91.6	7	\N	\N
291	or my family moved house,\nwhen I was ten,	96.68	30	93.48	7	\N	\N
292	so I feel like\na slightly similar thing	100.44	31	96.68	7	\N	\N
293	where all of my childhood memories\nreally are in this house and playing	106.6	32	100.44	7	\N	\N
294	with my friends that lived in that\nvillage and went to my primary school	110.28	33	106.6	7	\N	\N
295	when I lived in that house.\nHaving friends over for tea.	113.8	34	110.28	7	\N	\N
296	That's a lot of, yeah,\nstrong memories of of my childhood.	118.12	35	113.8	7	\N	\N
297	And what kind of things did you do\nwhen you were a child?	121.52	36	118.12	7	\N	\N
298	What kind of hobbies and interests\ndid you have?	125.08	37	121.52	7	\N	\N
299	Well, my friends\nand I used to always put on shows.	129.04	38	125.08	7	\N	\N
300	We would do gymnastics shows\nin the garden.	131.96	39	129.04	7	\N	\N
301	We'd say, 'Mum, Dad, come and watch\nmy gymnastics show with my friend'.	137.12	40	131.96	7	\N	\N
302	We used to do singing concerts.	139.44	41	137.12	7	\N	\N
303	We wrote our own songs.	141.52	42	139.44	7	\N	\N
304	Once, my friend and I recorded\nonto a tape.	145.16	43	141.52	7	\N	\N
305	Do you remember tapes?	146.2	44	145.16	7	\N	\N
306	Of course I remember tapes.	148	45	146.2	7	\N	\N
307	We recorded our own song onto a tape,	150.84	46	148	7	\N	\N
308	and we sent it to a recording studio\nin the hope that they would sign us.	155.44	47	150.84	7	\N	\N
309	Is it a good song?	157.44	48	155.44	7	\N	\N
310	It's great.	158.44	49	157.44	7	\N	\N
311	I think we need to hear it.	160.8	50	158.44	7	\N	\N
312	Maybe at the end of the show.	163.2	51	160.8	7	\N	\N
313	What about you?	165.64	52	164.72	7	\N	\N
314	What sort of hobbies\ndid you have when you were a child?	169.92	53	165.64	7	\N	\N
315	I just remember playing outside a lot\nwith my friends	174.16	54	169.92	7	\N	\N
316	and having adventures and\nalso doing lots and lots of sport.	178.72	55	174.16	7	\N	\N
317	So I always liked football and cricket\nand I played when I was in Canada.	184.4	56	178.72	7	\N	\N
318	I played ice hockey.	185.76	57	184.4	7	\N	\N
319	That's cool.\nCan you still ice skate?	188.48	58	185.76	7	\N	\N
320	I'm OK. I'd say\nI'm better than most British people.	193.64	59	188.48	7	\N	\N
321	Because you grow up in Canada	195.96	60	193.64	7	\N	\N
322	skating.	196.8	61	195.96	7	\N	\N
323	Yeah.	198.3	62	196.8	7	\N	\N
324	But I'm not brilliant.	200.4	63	198.8	7	\N	\N
325	How do you think the world\nhas changed since you were a child?	205.68	64	200.4	7	\N	\N
326	The world is really different\nfrom when I was a child.	209.68	65	205.68	7	\N	\N
327	Because when I was growing up, we didn't\nhave the internet or mobile phones.	214.44	66	209.68	7	\N	\N
328	And I think\nthey've made such a difference	217.24	67	214.44	7	\N	\N
329	to the way people communicate\nwith each other.	221.56	68	217.24	7	\N	\N
330	And it drives me mad sometimes, because\nmy son will try to arrange to go out	227.24	69	221.56	7	\N	\N
331	with his friends, just to go\nto the park, in a group chat,	231.6	70	227.24	7	\N	\N
332	and then nothing ever happens.	233.24	71	231.6	7	\N	\N
333	And I just say, 'just go there'.	235.44	72	233.24	7	\N	\N
334	Yeah.	236.16	73	235.44	7	\N	\N
335	It's a hundred metres down the road.	237.56	74	236.16	7	\N	\N
336	Knock the door. But\nI don't think that happens any more.	241.24	75	237.56	7	\N	\N
337	No, I think for me, like,	243.36	76	241.24	7	\N	\N
338	something that's really changed is,\nlike I was saying about tapes,	247.08	77	243.36	7	\N	\N
339	like the idea of playing a tape\nor putting a CD in a CD player.	253.44	78	247.08	7	\N	\N
340	Like, brings back amazing memories.	255.84	79	253.44	7	\N	\N
341	I used to have a CD\nthat I would play,	260.36	80	255.84	7	\N	\N
342	and then I'd sing really loudly,	261.88	81	260.36	7	\N	\N
343	and I would imagine that then\nsuddenly the band would be in the garden	267.48	82	261.88	7	\N	\N
344	and they would,\nand they'd be there singing with me.	270.36	83	267.48	7	\N	\N
345	But I think those physical music devices\neven like having a video or a DVD,	277.4	84	270.36	7	\N	\N
346	like, they bring back loads\nof memories for me.	280.44	85	277.4	7	\N	\N
347	Let's recap the language we heard\nin our conversation about childhood,	291.12	86	286.32	7	\N	\N
348	starting with 'childhood', which is the\nperiod of time when you are a child.	295.96	87	291.12	7	\N	\N
349	We had 'memory'.	297.72	88	295.96	7	\N	\N
350	A memory is something\nthat you can remember from the past.	301.2	89	297.72	7	\N	\N
351	We can say\nthat something 'brings back memories',	304.2	90	301.2	7	\N	\N
352	which just means that it reminds you\nof something that happened in the past.	309.88	91	304.2	7	\N	\N
353	And when we talk about things\nin the past, we often use the past	313.88	92	309.88	7	\N	\N
354	simple. For example, I said that I\nplayed in the street with my friends.	319.6	93	313.88	7	\N	\N
355	And we also heard 'used to' and 'would',\nwhich is used when we talk	324.28	94	319.6	7	\N	\N
356	about things that happened a number\nof times in the past.	327.56	95	324.28	7	\N	\N
357	So, for example,\nI used to play ice hockey.	330.72	96	327.56	7	\N	\N
358	It means: I played ice hockey a lot,\nand now I don't any more.	335.4	97	330.72	7	\N	\N
359	And that's it for this episode\nof Real Easy English.	339.4	98	335.4	7	\N	\N
360	Why not test what you've learnt\nwith the worksheet	342.4	99	339.4	7	\N	\N
361	Thanks for joining us, and goodbye.	348.28	100	346.52	7	\N	\N
362	Bye.	350.28	101	348.28	7	\N	\N
475	Hello. This is 6 Minute English\nfrom BBC Learning English. I'm Neil.	11.88	0	7.76	9	/həˈloʊ/ /ðɪs ɪz ˈsɪk ˈmaɪnɪt ˈɛŋɡlɪʃ/ /fɹɒm ˈbiː biː siː ˈlɜːrnɪŋ ˈɛŋɡlɪʃ/ /aɪm neɪl/	Xin chào. Đây là 6 phút tiếng Anh từ BBC Learning English. Tôi là Neil.
476	And I'm Becca.	13.16	1	11.88	9	/ənd aɪm ˈbɛkə/	Và tôi là Becca.
477	In this episode, we're discussing\na food seasoning that's so popular	17.24	2	13.16	9	/ɪn ðɪs ˈɛpɪzoʊ/ /wɜːr ˈɛr ˈdɪskəsɪŋ/	Trong tập này, chúng ta đang thảo luận về
478	we eat around three quarters\nof a million tonnes of it a year.	21.4	3	17.24	9	/ə fʊd ˈsiːzənɪŋ ˈðæt ɪz ˈsoʊ pɒpʊlər/	một loại gia vị ăn uống rất phổ biến
479	We're talking about pepper.	23.2	4	21.4	9	/wɜːr ˈtʊk ˈkʌnt ˈθɜːr ˈkwɔːrtəz/	chúng ta ăn khoảng ba phần tư
480	Do you add pepper\nto your food, Becca?	25.08	5	23.2	9	/ə ˈmiːljən ˈtɒnz ə ˈjɪər/	một triệu tấn mỗi năm.
481	I do, Neil.	26.44	6	25.08	9	/wɜːr ˈtʊk ˈtʌbəʊt ˈpiːpər/	Chúng ta đang nói về hạt tiêu.
482	Yes. I think\nit's an easy way to add some spice.	30	7	26.44	9	/duː jə ˈæd ˈpiːpər/	Bạn thêm hạt tiêu vào món ăn của mình, Becca?
483	Yeah, I love a bit of pepper.	31.52	8	30	9	/aɪ də ˈneɪl/	Tôi làm, Neil.
484	I grind pepper onto everything.	33.72	9	31.52	9	/jɛs ˈaɪ ˈθɪŋk/	Vâng. Tôi nghĩ
485	Well... not everything!	35.64	10	33.72	9	/ɪt ˈz ˈeɪzi ˈweɪ tə ˈæd ˈsʌm ˈspaɪs/	đó là một cách dễ dàng để thêm một chút gia vị.
486	But I do like it.	37.48	11	35.64	9	/jɛh ˈaɪ ˈloʊ ə ˈbaɪt əv ˈpiːpər/	Vâng, tôi yêu một chút hạt tiêu.
487	Given its popularity,	39.08	12	37.48	9	/aɪ ɡraɪnd ˈpiːpər ˈʌp ˈɛvriːθ/	Tôi xay hạt tiêu lên mọi thứ.
488	it's surprising that most people know\nvery little about pepper.	42.52	13	39.08	9	/wɛl ˈnɒt ˈɛvriːθ/	Này... không phải mọi thứ!
489	Did you know,\nfor example,	43.92	14	42.52	9	/bʌt ˈaɪ ˈlaɪk ɪt/	Nhưng tôi thích nó.
490	that peppers are the fruit of vines\noften growing over ten metres high?	49.24	15	43.92	9	/dæz ˈɒn ˈsɪb ˈpɒpʊlərɪti/	Dựa trên sự phổ biến của nó
491	Our ancestors would be surprised\nhow little we know.	52.28	16	49.24	9	/ɪts ˈsʌrpɪzɪŋ ˈðæt mɒst ˈpipl ˈniːw ˈvɪər ˈlɪt əbəʊt ˈpiːpər/	là điều đáng ngạc nhiên rằng đa số người biết rất ít về hạt tiêu.
492	From ancient Greece onwards, pepper was\nprized as the black gold of ingredients,	57	17	52.28	9	/dɪd jə ˈnoʊ/	Bạn biết đấy, ví dụ như
493	and explorers crossed oceans\nin search of it,	59.68	18	57	9	/ˈpiːpərz ˈær ðə ˈfruːt əv ˈvaɪnz ˈtjuːən ˈɡroʊɪŋ əʊvən ˈtɛn ˈmɛtəz ˈhaɪ/	hạt tiêu là quả của cây dây thường mọc cao hơn mười mét.
494	discovering new continents\nalong the way.	61.96	19	59.68	9	/ər ˈɛnɪstəz wʊd bɪ ˈsʌrpɪzɪnd/	Các tổ tiên của chúng ta sẽ ngạc nhiên
495	In this episode,\nwe'll get reacquainted with pepper	65.64	20	61.96	9	/hɔw ˈlɪt wɪ knɔw/	về mức độ biết bao nhiêu về hạt tiêu.
496	and learn some useful new words\nand phrases too.	68.64	21	65.64	9	/frɒm ˈeɪnʃənt ˈɡriːs ˈɔnˌwɔrds ˈpiːpər wəz/	Từ Hy Lạp cổ đại trở đi, hạt tiêu được coi là vàng đen của nguyên liệu
497	And remember, you'll find\na transcript for you to read along	71.96	22	68.64	9	/ənd ˈɛksplɔrərz krɒs ˈoʊʃənz/	và các nhà thám hiểm đã vượt qua đại dương
498	with us as you listen, on\nour website, bbclearningenglish.com.	77.12	23	71.96	9	/tə ˈfaɪnd ˈniːw kənˈtɪnəntz/	để tìm kiếm nó
499	OK. First, I have a question for you,\nof course, Becca.	79.92	24	77.12	9	/ˈælɒŋ ði ˈweɪ/	và khám phá các châu lục mới.
500	Although it's black pepper	81.76	25	79.92	9	/əˈθoʊʊθ ɪt s ˈblæk ˈpɛpər/	Mặc dù nó là tiêu đen
501	you're most likely to see in shops\nand restaurants in the UK,	85.2	26	81.76	9	/jʊər ˈmɔːst ˈlaɪkli tuː siː ɪn ʃɒps ənd ˈrɛstərænz ɪn ðə ˈjuː kiː/	Bạn có khả năng sẽ thấy ở các cửa hàng
502	there are hundreds\nof different varieties worldwide.	88.44	27	85.2	9	/vənd ˈrɛstərænz ɪn ði ˈjuː kiː/	và nhà hàng ở Anh.
503	But what is unusual about Phu Quoc,\na white pepper from Vietnam?	93.68	28	88.44	9	/koʊ ˈhæŋdɹədz ɒv dɪˈfɹɛnt ˈveɪɪərɪz ˈwɜːrldwaɪd/	Có hàng trăm
504	Does it: a) make people cry,\nb) taste like parmesan cheese,	98.88	29	93.68	9	/loɪ kæɾ ən ðəʊn ˈtɜːn ˈθɜːn ˈwɜːrldwaɪd/	loại khác nhau trên toàn thế giới.
505	or c) cost more than gold?	101.16	30	98.88	9	/bʌt wɒt ɪz ənˈʌɪnjuːzəbəʊb əbʌʊt fjuː ˈkwɒk/	Nhưng điều gì đó bất thường về Phu Quoc,
506	Hmm. Well, I don't think\nit would be as expensive as gold,	104.68	31	101.16	9	/mɪt laɪd ˈtɪə ˈtræŋk fɹɒm viːˈɛtnæm/	một loại tiêu trắng từ Việt Nam?
507	and I kind of want it to taste\nlike parmesan cheese.	108.52	32	104.68	9	/koʊ ɪt əˈmeɪk pɪpjə ˈkɔː, b) có vị như phô mai parmesan, 	Có nó: a) làm cho người ta khóc,
508	OK. Well, we'll find out later\nin the programme.	112.68	33	108.52	9		b) có vị như phô mai parmesan, 
509	Mathilde Roellinger is the daughter\nof Olivier Roellinger,	115.84	34	112.68	9	/ɔr sɪ ˈkɔːst mɔr ðən ˈgɒld/	hoặc c) tốn kém hơn vàng?
510	an award-winning French chef famous\nfor his use of spices.	120.12	35	115.84	9	/hæm vɒŋ taɪ ˈnoʊ ˈpɪŋ/	Hmm. Vâng, tôi không nghĩ
511	While other little girls\nof her age were sprinkling sugar	123.4	36	120.12	9	/ənd aɪ kɪnd əv wɑnt ɪt tuː ˈteɪst laɪk ˈpɑːrmɪzən tʃiz/	nó sẽ đắt hơn vàng, 
512	on their breakfast yoghurt,	125.08	37	123.4	9	/vənd aɪ wɑnt ɪt tuː ˈteɪst laɪk ˈpɑːrmɪzən tʃiz/	và tôi muốn nó có vị như phô mai parmesan.
513	Mathilde was the only girl\nin Paris sprinkling pepper.	128.92	38	125.08	9	/oʊ keɪ vɒŋ təz wɪl faɪnd aʊt leɪtər ɪn ði pɹɔɡræm/	OK. Vâng, chúng ta sẽ tìm hiểu sau đó
514	Today, Mathilde runs\nthe Épices Roellinger spice shop	132.8	39	128.92	9	/ɪn ði pɹɔɡræm/	trong chương trình này.
515	in the Opéra area of the city.	135.12	40	132.8	9	/mæθɪld rɔlɪŋɡər ɪz ðə dɔɪdər ɒv ɒliviɛr rɔlɪŋɡər/	Mathilde Roellinger là con gái của Olivier Roellinger,
516	Here, customers can find a huge range\nof peppers,	138.28	41	135.12	9	/mɪt ɒn ɔːwɑrd wɪnɪŋ ˈfɹænʃ ʃɛf feɪməs ˈfɔr hɪz juːz ɒv ˈspaɪs/	một nhà bếp Pháp nổi tiếng vì sử dụng nhiều loại gia vị.
517	from fruity red Cambodian Kampot pepper\nto Borneo's Sarawak black pepper	143.64	42	138.28	9	/trɒŋk wɪl ɒz ˈlɪtəl ɡɪrz ɒv hɛr eɪd wɜːz ˈsprɪŋklɪŋ ˈʃʊɡər/	Trong khi các cô bé khác
518	with its woody aroma.	145.32	43	143.64	9	/ɒv hɛr eɪd wɜːz ˈsprɪŋklɪŋ ˈʃʊɡər/	của cùng độ tuổi của mình
519	These peppers have strong,\ndistinctive tastes,	148.52	44	145.32	9	/ɒn ˈsjuː ʃuː/	đang rắc đường lên sữa chua
520	but curiously they enhance rather\nthan overpower the flavour	152.48	45	148.52	9	/ɒf mɪn/	của mình
521	of the food you're eating,	153.96	46	152.48	9	/mæθɪld ɪz ðə ˈdʌɪnt ɡɪr ɪn ˈpɛrɪs ˈsprɪŋklɪŋ ˈpɛpər/	Mathilde là cô bé duy nhất
522	as Mathilde explained to BBC World\nService programme The Food Chain.	158.28	47	153.96	9	/ɪn ˈpɛrɪs ˈsprɪŋklɪŋ ˈpɛpər/	ở Paris rắc tiêu.
523	It will give a kick and transform it,	161.12	48	158.28	9	/hɔm neɪ mæθɪld dɪˈɛt hæŋdʒ ˈði ɛpiːs rɔlɪŋɡər ˈspaɪs ʃɒp/	Hôm nay, Mathilde điều hành
654	He's grumpy.	204.76	67	202.6	10	/hiːz ˈɡrʌmpi/	Anh ấy gắt gỏng.
524	but you will still have the savour\nof the different ingredients.	164.92	49	161.12	9	/ði ɛpiːs rɔlɪŋɡər ˈspaɪs ʃɒp/	cửa hàng gia vị Épices Roellinger
525	It will not disguise\nthe other ingredients,	168.08	50	164.92	9	/ɪt wɪl nɒt daɪsɪz/	Nó sẽ không che giấu
526	but it will push them –\nit's a flavour catalyst.	171.24	51	168.08	9	/ðə ʌðər ɪŋɡrɪdʒəntz/	những nguyên liệu khác
527	We can say in punctuation,	172.8	52	171.24	9	/bʌt ɪt wɪl pʊʃ ðɛm/	nhưng nó sẽ đẩy chúng –
528	like it's an exclamation.	175	53	172.8	9	/ɪts ə flaʊvər kætəlɪst/	nó là một chất xúc tác về hương vị.
529	It's like an exclamation mark.	176.32	54	175	9	/wɪ kæn seɪ ɪn pʌŋkʃən/	Chúng ta có thể nói bằng dấu câu
530	Exactly.	177.24	55	176.32	9	/laɪk ɪts ən ɛkskləməʃən/	như nó là một dấu chấm than.
531	Mathilde says\npepper gives food a kick.	180.08	56	177.24	9	/ɛksɛktli/	Tất cả.
532	To give something\na kick means to provide it	182.56	57	180.08	9	/mæθɪld sɛɪz/	Mathilde nói
533	with extra stimulation or excitement.	185.4	58	182.56	9	/pɛpər ɡɪvz fʊd ə kɪk/	nước mắm cho món ăn một cú đấm.
534	Pepper also makes\nflavours more intense.	188.2	59	185.4	9	/tə ɡɪv sʌmθɪŋ/	Để cho thứ gì đó
535	Mathilde calls it a catalyst – something\nthat causes another action to start	193.08	60	188.2	9	/ə kɪk miːnz tuː prɔvɪd ɪt/	một cú đấm có nghĩa là cung cấp cho nó
536	or makes it happen more quickly.	195.12	61	193.08	9	/wɪθ ɛkstra ˈstɪmjuːleɪʃən ɔr ɛksˈsɪtəm/	với kích thích hoặc sự phấn khích thêm.
537	In fact, she says pepper is\nlike an exclamation mark.	199.64	62	195.12	9	/pɛpər ɔlsoʊ məɪks/	Nước mắm cũng làm cho hương vị trở nên mạnh mẽ hơn.
538	Saying something is like	200.92	63	199.64	9	/flɔːvərz trɔːv nɛɪm mɔːr/	flavours trở nên mạnh mẽ hơn.
539	an exclamation mark means it shows\nstrong emotion or excitement –	205.36	64	200.92	9	/mæθɪld kɔlz ɪt ə kætəlɪst/	Mathilde gọi nó là một chất xúc tác – thứ gì đó
540	the same thing an exclamation mark\ndoes in written punctuation.	210.2	65	205.36	9	/sʌmθɪŋ/	gây ra một hành động khác để bắt đầu
541	Mathilde's spice shop holds pepper\ntasting sessions, where she explains	214.08	66	210.2	9	/ðæt kɔz ən əksˈkleɪməʃən/	hoặc làm cho nó xảy ra nhanh hơn.
542	to customers the origin\nof her peppers and how they grow,	217.28	67	214.08	9	/ɪn fækt ʃɛ sɛɪz pɛpər ɪz/	Thực tế, cô nói nước mắm là
543	changing colour as they harden\nin the sun.	220.16	68	217.28	9	/laɪk ən ɛkskləməʃən/	như một dấu chấm than.
544	Reporter John Laurenson attended one\nof these tasting sessions	223.6	69	220.16	9	/seɪɪŋ ˈsʌmθɪŋ ɪz laɪk/	Khi nói rằng thứ gì đó là như
545	for BBC World Service programme\nThe Food Chain.	226.84	70	223.6	9	/ði ʃɔːz ˈstrɔŋ ɪˈmoʊʃən ɔr ɛksˈsɪtəm/	một dấu chấm than có nghĩa là nó thể hiện cảm xúc mạnh mẽ hoặc phấn khích –
546	The different colours\nof pepper though,	229	71	226.84	9	/ði ʃɔːz ən ɛkskləməʃən/	cùng một thứ mà dấu chấm than làm trong dấu câu viết.
547	as Mathilde started to say, do not\ncorrespond to the different varieties	233.76	72	229	9	/mæθɪldz spaɪs ʃɔp hɔldz pɛpər/	Cửa hàng gia vị của Mathilde tổ chức các buổi thử nghiệm nước mắm, nơi cô giải thích
548	but to the maturity of the peppercorns\nand what people do to them.	237.44	73	233.76	9	/tə kʌstəmərz ði ɔrɪdʒ/	đến khách hàng về nguồn gốc của các loại hạt tiêu và cách chúng phát triển
549	They're green when they're young,\nblack when they're mature and dried,	241.52	74	237.44	9	/ɔf hɛrz pɛpəz ənd haʊ ðɛj ɡroʊ/	của hạt tiêu và cách chúng phát triển
550	red when they're very mature.	243.8	75	241.52	9	/rɛd wɛn ðɛr vɛri ˈmɛtʃʊər/	Màu đỏ khi chúng đã rất trưởng thành.
551	Grey pepper is an industrial\ncreation, not a botanical one.	247.84	76	243.8	9	/greɪ pɛpər ɪz ən ɪndʊstrʊəl kɹɪˈeɪʃən, nɒt ə bɒtənɪkəl wʌn/	Ở dạng hạt màu xám là một sản phẩm công nghiệp, không phải một sản phẩm thực vật.
552	Ground to a fine powder,\nit is, says Mathilde, grey dust.	253.2	77	247.84	9	/ɡraʊnd tu ə faɪn paʊdər, ɪt ɪz, sɛz mætɪld, ɡreɪ dʌst/	Được xay thành bột mịn, nó là, nói theo Mathilde, bụi màu xám.
553	She's not very keen on that one.	254.8	78	253.2	9	/ʃiz nɒt vɛri kiːn ɒn ðæt wʌn/	Cô không quá thích cái đó.
554	The colour of pepper\nis not determined by the variety,	258.08	79	254.8	9	/ðə ˈkʌlər ɒv pɛpər ɪz nɒt dɪˈtɜːmɪnd baɪ ðə vaɪərɪti/	Màu sắc của hạt tiêu không được xác định bởi giống,
555	but by its maturity.	260.32	80	258.08	9	/bʌt baɪ ði ˈmʌrɪti/	nhưng bởi độ chín của nó.
556	A food's maturity describes the stage\nwhen a food is fully grown	263.96	81	260.32	9	/ðju ˈtʃɪn ɒv ən ˈfoʊdz mɔrt ɪz ˈdeɪpɔːnt wʌn ə ˈfoʊdz ɪz ˈfʊli ɡroʊn ənd ˈrɛdi tu ˈhɑːrvɪst/	Độ chín của một loại thực phẩm mô tả giai đoạn
557	and ready to harvest.	265.56	82	263.96	9	/wʌn ə ˈfoʊdz wɹɪŋkəl ənd ɡoʊ blæk/	khi một loại thực phẩm đã trưởng thành và sẵn sàng thu hoạch.
558	For peppers, this is\nwhen they wrinkle and go black.	269.48	83	265.56	9	/ɔftə pɛpərz, ðɪs ɪz wʌn ðɛj ɪz wɹɪŋkəl ənd ɡoʊ blæk/	Đối với hạt tiêu, điều này là khi chúng bị nhăn và trở thành đen.
559	Often a peppermill is used to grind\npepper – to crush it into powder	274.36	84	269.48	9	/nɪu ə ˈpɛpərmɪl ɪz juːzd tu ɡraɪnd pɛpər tu krʌʃ ɪt ɪntu paʊdər baɪ prɛsɪŋ ɪt bɪtwiːn tu ˈhɑːrd sɜːrfɪsɪz/	Nhiều khi một máy xay hạt tiêu được sử dụng để xay hạt tiêu – để nghiền nó thành bột
560	by pressing it\nbetween two hard surfaces.	277.12	85	274.36	9	/ðɪs hæpənz wɪð greɪ pɛpər, ən ɑːrtɪfɪʃəli prɒdʌktɪd pɛpər mɪks wɪtʃ mætɪld ɪz nɒt kiːn ɒn – mɪɪnɪŋ ʃi dɪz ˈlaɪk ɪt/	bằng cách ép nó giữa hai bề mặt cứng.
596	I'm also hardworking.	27.24	9	25.32	10	/aɪm əz ˈhɑrdwɜːkɪŋ/	Tôi cũng làm việc chăm chỉ.
561	This happens with grey pepper,\nan artificially produced pepper mix	281.24	86	277.12	9	/wɛvz lɜːnd sə muːt əbaʊt pɛpər, aɪl lʊk ət ɪt dɪfərəntli ði ˈnɛkst taɪm aɪ ˈsprɪŋkl ˈsʌm ɒn maɪ faʊd/	đó là một hỗn hợp hạt tiêu nhân tạo mà Mathilde không thích – nghĩa là cô không thích nó.
562	which Mathilde is not keen on –\nmeaning she doesn't like it.	285	87	281.24	9	/oʊ keɪ nɛɪl, aɪ θɪŋk ɪtʰz taɪm tu rɪˈvɛl ðə ˈænswə tu ɪər kwestʃən/	Tôi sẽ nhìn nó khác đi lần sau khi tôi rắc một ít lên thực phẩm của mình.
563	We've learned so much about pepper,	286.96	88	285	9	/jaɪ ˈænswerd baɪ kɑːz ɪ wɑnt ɪt tu ˈteɪst laɪk pɑːrmɪzæn tʃiz/	Vâng, tôi đã hỏi bạn điều gì đặc biệt về Phu Quoc, một loại hạt tiêu trắng từ Việt Nam.
564	I'll look at it differently the\nnext time I sprinkle some on my food.	291.12	89	286.96	9	/wɛl, jʊər ɑr ˈlaʊki baɪ kɑːz ɪt ɪz ɪn fækt baɪ kɑːz ɪt ˈteɪst laɪk pɑːrmɪzæn tʃiz/	Tôi trả lời b) vì tôi muốn nó có hương vị như phô mai parmesan.
565	OK. Neil, I think it's time to reveal\nthe answer to your question.	294.8	90	291.12	9	/wɛld dʌn ɒk/	Vậy, bạn may mắn vì nó thực sự là b) nó có hương vị như phô mai parmesan.
566	Yes, I asked you what's unusual about\nPhu Quoc, a white pepper from Vietnam.	300.56	91	294.8	9	/lɛts rɪˈskæp ðə ˈvɒkæbʊləri wɛvz lɜːnd, stɑːrtɪŋ wɪθ ði ˈfrez fɪld ˈwɛn lɜːrnɪŋ/	Vậy rồi.
567	I answered b) because I want\nit to taste like parmesan cheese.	305.56	92	300.56	9	/ɡɪv ˈsʌmθɪŋ ə ˈkɪk – mɪɪnɪŋ tu əd ɛksˈtrɑː ˈθɪl ɔr ɛksˈsɪtənt/	Hãy tóm lại từ vựng mà chúng ta đã học, bắt đầu từ cụm từ
568	Well, you're lucky because it is in\nfact b) it tastes like parmesan cheese.	311.16	93	305.56	9	/ə ˈkætəlɪst kɔz ˈsʌmθɪŋ tu stɑːrt, ɔr spiːdz ɪt ʌp/	nghĩa là thêm một chút kích thích hoặc sự phấn khích.
569	Well done. OK.	312.84	94	311.16	9	/ɪf jʊ ˈseɪ ˈsʌmθɪŋ ɪz laɪk ən ɛksˈklæməʊt mɑːrk, jʊ mɪn ɪt ˈsɪɡnɪfaɪ ˈstrɔŋ ɪˈmoʊʃən, ˈsʌprɪz ɔr ɛksˈsɪtənt/	Một chất xúc tác gây ra một điều gì đó bắt đầu, hoặc tăng tốc nó.
570	Let's recap the vocabulary we've\nlearned, starting with the phrase	316.36	95	312.84	9	/wɛn ə ˈfoʊdz ɪz ˈfʊli ɡroʊn ənd ˈrɛdi tu ˈhɑːrvɪst/	bạn có nghĩa là nó biểu thị một cảm xúc mạnh mẽ, bất ngờ hoặc sự phấn khích.
571	give something a kick – meaning\nto add extra thrill or excitement.	321.2	96	316.36	9	/wʌn ə ˈfoʊdz wɹɪŋkəl ənd ɡoʊ blæk/	khi một loại thực phẩm đã trưởng thành và sẵn sàng thu hoạch.
572	A catalyst causes something to start,\nor speeds it up.	325.04	97	321.2	9	/nɪu ə ˈpɛpərmɪl ɪz juːzd tu ɡraɪnd pɛpər tu krʌʃ ɪt ɪntu paʊdər baɪ prɛsɪŋ ɪt bɪtwiːn tu ˈhɑːrd sɜːrfɪsɪz/	Đối với hạt tiêu, điều này là khi chúng bị nhăn và trở thành đen.
573	If you say something is\nlike an exclamation mark,	328.32	98	325.04	9	/ðɪs hæpənz wɪð greɪ pɛpər, ən ɑːrtɪfɪʃəli prɒdʌktɪd pɛpər mɪks wɪtʃ mætɪld ɪz nɒt kiːn ɒn – mɪɪnɪŋ ʃi dɪz ˈlaɪk ɪt/	Nhiều khi một máy xay hạt tiêu được sử dụng để xay hạt tiêu – để nghiền nó thành bột
574	you mean it signifies strong emotion,\nsurprise or excitement,	332.52	99	328.32	9	/wɛvz lɜːnd sə muːt əbaʊt pɛpər, aɪl lʊk ət ɪt dɪfərəntli ði ˈnɛkst taɪm aɪ ˈsprɪŋkl ˈsʌm ɒn maɪ faʊd/	đó là một hỗn hợp hạt tiêu nhân tạo mà Mathilde không thích – nghĩa là cô không thích nó.
575	just like an exclamation mark does\nin writing.	335.64	100	332.52	9	/dʒʌst laɪk ən ɛksˈkleɪʃən mɑrk dʌz ɪn ˈraɪtɪŋ/	như một dấu chấm than vậy trong viết.
576	A food's maturity refers to the stage\nwhen it's fully grown	338.92	101	335.64	9	/ə ˈfoʊdz ˈmʌtɪri ˈriːfərz tu ðə steɪd ˈwɛn ɪts ˈfʊli ɡroʊn/	một thực phẩm chín là giai đoạn
577	and ready for harvest.	340.64	102	338.92	9	/ənd ˈredi fɔr ˈhɑrvɜːst/	khi nó đã trưởng thành
578	To grind food means to crush it\ninto powder	344.2	103	340.64	9	/tu ɡraɪnd ˈfoʊdz miːnz tu krʌʃ ɪt ˈaɪnto ˈpaʊdər/	Để nghiền thực phẩm là nghiền nó
579	by being pressed\nbetween two hard surfaces.	347.32	104	344.2	9	/bɪ ˈbiːɪŋ prɛst ˈbɛtwiːn tu ˈhɑrd ˈsɜːrfɪsɪz/	bằng cách được ép
580	And finally,\nif you're keen on something,	349.92	105	347.32	9	/ənd ˈfaɪnəli ɪf jɔɪr ˈkiːn ɒn ˈsʌmθɪŋ/	và cuối cùng,
581	you like it and enjoy doing it.	352.16	106	349.92	9	/jɔɪ laɪk ɪt ən dʒoɪ ɪn dʒuːɪŋ ɪt/	nếu bạn thích điều gì đó,
582	Once again, our six minutes are up,	354.56	107	352.16	9	/wʌns ˈeɪɡən ɔr ɔs ˈsɪks ˈmaɪnɪt ɑr ʌp/	bạn thích nó và tận hưởng nó.
583	but remember you can find worksheets,\nquizzes and loads more resources	359.08	108	354.56	9	/bʌt rɪmɛmbər jə ˈkɑn faɪnd ˈwɜːrkʃiːz ˈkwɪzɪz ənd ləʊdz mɔr ˈriːsɔːrs/	Nhưng hãy nhớ rằng bạn có thể tìm thấy các bài tập,
584	to improve your English on\nour website, bbclearningenglish.com.	363.88	109	359.08	9	/tu ɪmˈproʊv jɔr ˈɛŋɡlɪʃ ɔn ˈaʊr ˈwɛbˌsaɪt ˈbiːbleərˌnɪŋˈɛŋɡlɪʃ.dɒm/	quizzes và nhiều tài nguyên khác
585	See you there soon,\nbut for now it's goodbye.	366.4	110	363.88	9	/sɪ ˈjuː ðɛr ˈsoʊn/	trên trang web của chúng tôi, bbclearningenglish.com.
586	Goodbye!	367.64	111	366.4	9	/bʌd ɡʊd baɪ/	Nhưng bây giờ là tạm biệt.
587	Easy English Conversations.	4.4	0	2.56	10	/ˈiːzi ˈɛŋɡlɪʃ kənˈvərˌsæʃənz/	Tiếng Anh Dễ Gọn
588	What's she like?	10.08	1	7.32	10	/hwɑt ʃi laɪk/	Cô ấy như thế nào?
589	Hi, Sian.	11.6	2	10.08	10	/haɪ ˈsaɪən/	Xin chào, Sian.
590	Hello, Georgie.	13.6	3	11.6	10	/haˈloʊ dʒɔːrˈdʒi/	Xin chào, Georgie.
591	Oh! Who's this?	15.72	4	13.6	10	/oʊ hwʊz ðɪs/	Oh! Ai này?
592	This is my friend, Shannon.	18.8	5	15.72	10	/ðɪz iz maɪ ˈfrend ʃəˈnɔn/	Đây là bạn của tôi, Shannon.
593	What's your friend like?	20.96	6	18.8	10	/hwɑt ʃu ˈfrend laɪk/	Cô ấy như thế nào?
594	She's very busy.	22.6	7	20.96	10	/ʃiz vəri ˈbæn ˈrɪn/	Cô ấy rất bận rộn.
595	She's always doing something.	25.32	8	22.6	10	/ʃiz ˈɔlwɛz duːɪŋ ˈsʌmˌθɪŋ/	Cô ấy luôn làm một điều gì đó.
597	I work all the time.	29.64	10	27.24	10	/aɪ wɜːk ɔːl ˈdeɪ/	Tôi làm việc cả ngày.
598	Who's this?	31.56	11	29.64	10	/hwʊz ðɪs/	Ai này?
599	This is my friend, Gina.	34.76	12	31.56	10	/ðɪz iz maɪ ˈfrend dʒɪnə/	Đây là bạn của tôi, Gina.
600	What's Gina like?	36.72	13	34.76	10	/hwɑt ˈdʒɪnə laɪk/	Cô ấy như thế nào?
601	She is very talkative.	38.8	14	36.72	10	/ʃiz ˈvɛri tɔːkəˈtɪv/	Cô ấy rất nói chuyện.
602	She talks a lot.	41.32	15	38.8	10	/ʃiz tɔːks ə ˈloʊt/	Cô ấy nói rất nhiều.
603	And I'm sporty.	45.84	16	43.76	10	/ænd aɪm əz ˈspɔrti/	Và tôi cũng thích thể thao.
604	I enjoy doing lots of sports.	49.32	17	45.84	10	/aɪ ɛnˈdʒɔɪ dʌ ˈloʊts əv ˈspɔrts/	Tôi thích làm nhiều môn thể thao.
605	Hello.	54	18	53	10	/haˈloʊ/	Xin chào.
606	Hi.	54.96	19	54	10	/haɪ/	Xin chào.
607	Hello, Buli!	57.64	20	54.96	10	/haˈloʊ ˈbuːli/	Xin chào, Buli!
608	Who's this?	59.2	21	57.64	10	/hwʊz ðɪs/	Ai này?
609	This is Billy.	61.4	22	59.2	10	/ðɪz iz ˈbɪli/	Đây là Billy.
610	What's Billy like?	63.88	23	61.4	10	/hwɑt ˈbɪli laɪk/	Cậu ấy như thế nào?
611	He is very funny.	66.2	24	63.88	10	/hi z ˈvɛri ˈfʌni/	Cậu ấy rất hài hước.
612	He makes us all laugh.	68.6	25	66.2	10	/hiː ˈmeɪks ʌs ɔːl ˈlɑːf/	Anh ấy khiến chúng ta đều cười.
613	And that's how you make a lemonade.	72.12	26	68.6	10	/ænd ðætʰz ˈhaʊ ˈjuː meɪk ə ˈlɛməneɪd/	Và đó là cách bạn làm một lemonade.
614	I'm also friendly.	77.44	27	75.32	10	/aɪm əz ˈfrendli/	Tôi cũng thân thiện.
615	I'm nice to everyone.	80.52	28	77.44	10	/aɪm ˈnais tu ˈɛvriːbɔɪ/	Tôi thân thiện với mọi người.
616	Click on the link to download a free worksheet for this episode.	88	29	83.96	10	/nɑːk ˈbaʊk tu ðə ˈlɛsn/	Nhấp vào liên kết để tải xuống một bản in miễn phí cho tập này.
617	Now, back to the lesson.	95.32	30	93.36	10	/naʊ ˈbæk tu ðə ˈlɛsn/	Bây giờ, hãy quay lại bài học.
618	Hi, Tim.	96.24	31	95.32	10	/haɪ tɪm/	Xin chào, Tim.
619	Hello.	98	32	96.24	10	/həˈloʊ/	Xin chào.
620	Who's this?	99.52	33	98	10	/huːz ðɪs/	Ai này?
621	This is my friend, Tom.	102.48	34	99.52	10	/ðɪz ɪz maɪ ˈfrend tɑm/	Đây là bạn của tôi, Tom.
622	What's your friend like?	104.76	35	102.48	10	/wɑt ɪz juː ˈfrend laɪk/	Bạn của bạn như thế nào?
623	He's not friendly.	106.84	36	104.76	10	/hiːz nɑt ˈfrendli/	Anh ấy không thân thiện.
624	He's quite grumpy.	109.36	37	106.84	10	/hiːz kweɪt ˈɡrʌmpi/	Anh ấy khá gắt gỏng.
625	He's usually angry	111.84	38	109.36	10	/hiːz ˈtjuːzli ˈæŋri/	Anh ấy thường cáu gắt.
626	or annoyed about something!	113.84	39	111.84	10	/ɔr əˈnɔɪd əbˈɔʊt ˈsʌmθɪŋ/	hoặc khó chịu về một điều gì đó!
627	But I'm also brave.	117.68	40	113.84	10	/bʌt aɪm əz ˈbruːv/	Nhưng tôi cũng dũng cảm.
628	I like extreme sports like	119.8	41	117.68	10	/aɪ laɪk ɛksˈtrɪm ˈspɔrts laɪk/	Tôi thích các môn thể thao cực đoan như
629	bungee jumping,	121.44	42	119.8	10	/bʌndʒi ˈdʒʌmpɪŋ/	vượt trại
630	skydiving, and rock climbing.	125.04	43	121.44	10	/ˈskaɪdaɪvɪŋ/	lặn từ trên cao
631	Wow, that is brave.	130.64	44	127.76	10	/rɒk ˈklɪmɪŋ/	và leo núi.
632	Tom sounds like my friend, Gina!	133.72	45	130.64	10	/woʊ ðæt ɪz ˈbruːv/	Wow, điều đó thật dũng cảm.
633	What is Gina like?	136.32	46	133.72	10	/tɑm saʊndz laɪk maɪ ˈfrend dʒɪnə/	Tom nghe giống bạn của tôi, Gina!
634	She is sporty, and she is talkative.	141.12	47	136.32	10	/wɑt ɪz dʒɪnə laɪk/	Bạn của bạn như thế nào?
635	Talkative.	142.76	48	141.12	10	/ʃi ɪz ˈspɔrti ənd ʃi ɪz ˈtoʊkətɪv/	Cô ấy là một người thể thao, và cô ấy là người nói nhiều.
636	Tom isn't talkative.	145.2	49	142.76	10	/toʊkətɪv/	Người nói nhiều.
637	He's the opposite of talkative.	148.08	50	145.2	10	/hiːz ðə ˈɒpəsɪt ɒv tɔːkətɪv/	Anh ấy là ngược lại với người nói nhiều.
638	He's quiet.	149.6	51	148.08	10	/hiːz ˈkwaɪɪt/	Anh ấy im lặng.
639	He doesn't talk very much.	153.24	52	149.6	10	/hiːz dəz ˈtɔːk vərɪ ˈmʌtʃ/	Anh ấy không nói nhiều lắm.
640	Sounds like Shannon!	154.76	53	153.24	10	/naʊz laɪk ˈʃænɒn/	Nó giống như Shannon!
641	She's quiet.	156.32	54	154.76	10	/sɪz ˈkwaɪɪt/	Cô ấy im lặng.
642	She's also hardworking.	159.68	55	156.32	10	/sɪz əʊ ˈtʃæm ʃɪ/	Cô ấy cũng chăm chỉ.
643	Hardworking?	161.6	56	159.68	10	/tʃæm ʃɪ/	Chăm chỉ?
644	Tom isn't hardworking.	164.32	57	161.6	10	/tɒm ˈnɒt tʃæm ʃɪ/	Tom không chăm chỉ.
645	He's the opposite of hardworking.	167.44	58	164.32	10	/hiːz ðə ˈɒpəsɪt ɒv tʃæm ʃɪ/	Anh ấy là ngược lại với người chăm chỉ.
646	He's lazy.	169.2	59	167.44	10	/hiːz ˈleɪzi/	Anh ấy lười biếng.
647	He sits on the sofa a lot and watches TV.	174.08	60	169.2	10	/hiːz ˈsɪts ɒn ðə ˈsoʊfə ˈnju ənd ˈziːm tiːˈviː/	Anh ấy ngồi trên ghế sofa nhiều và xem TV.
648	Learn how to describe someone's\nappearance in the next episode.	183.12	61	178.4	10	/lɜrn haʊ tə ˈdeɪz ˈbeɪt ˈsɪt əv ˈaɪ ðət ɪn ðə ˈnɛk ˈɛpɪzɒd/	Học cách mô tả hình dạng của ai đó trong tập tiếp theo.
649	He had brown eyes.	186.04	62	183.12	10	/hiːz hæd braʊn ˈaɪz/	Anh ấy có mắt nâu.
650	Brown eyes.	187.52	63	186.04	10	/braʊn ˈaɪz/	Mắt nâu.
651	Now, back to the lesson.	189.8	64	187.52	10	/baɪ ɡɔʊ ˈkeɪ ˈweɪ ˈbɑɪ ˈlɜrn/	Bây giờ, quay lại bài học.
652	What is Tom like?	194.36	65	192.32	10	/tɒm əz ˈtɪŋk keɪ/	Tom có tính cách gì?
653	Can you remember?	196.64	66	194.36	10	/baɪ əz ˈmɔɪ/	Bạn có nhớ?
655	That's right, I'm grumpy.	207.92	68	204.76	10	/dʒʌŋ ˈvɔz ˈaɪ ˈɡrʌmpi/	Đúng vậy, tôi gắt gỏng.
656	What else can you remember?	210.8	69	207.92	10	/baɪ əz ˈmɔɪ ˈɡɪr ˈtɔʊ/	Bạn có nhớ gì khác nữa?
657	He's brave.	218.64	70	215.96	10	/hiːz ˈbruːv/	Anh ấy dũng cảm.
658	Correct. I'm brave.	221.2	71	218.64	10	/dʒʌŋ ˈvɔz ˈaɪ ˈbruːv/	Đúng vậy, tôi dũng cảm.
659	What is Gina like?	223.84	72	221.2	10	/dʒaɪnə əz ˈtɪŋk keɪ/	Gina có tính cách gì?
660	She's sporty.	231.44	73	229.32	10	/sɪz ˈnæŋ dɪŋ/	Cô ấy năng động.
661	What else can you remember about Gina?	234.76	74	231.44	10	/baɪ əz ˈmɔɪ ˈɡɪr əbəʊ dʒaɪnə/	Bạn có nhớ gì khác về Gina?
662	She's talkative.	241.68	75	238.88	10	/ʃiːz tɔːkətɪv/	Cô ấy nói nhiều.
663	How about Tom?	243.12	76	241.68	10	/haʊ əˈbaʊt tɒm/	Vậy anh Tom thế nào?
664	Is he talkative?	245.44	77	243.12	10	/aɪz hiː tɔːkətɪv/	Anh ấy nói nhiều không?
665	No. He's quiet.	254.16	78	250.92	10	/noʊ hiːz kwaɪət/	Không. Anh ấy im lặng.
666	That's right. I'm quiet.	257.56	79	254.16	10	/ðɪŋz wɔz aɪm kwaɪət/	Đúng vậy. Tôi im lặng.
667	How about Shannon?	259.6	80	257.56	10	/haʊ əˈbaʊt ʃænɔn/	Vậy anh Shannon thế nào?
668	What's she like?	261.72	81	259.6	10	/ʃiːz hɑrdwɜːkɪŋ/	Cô ấy như thế nào?
669	She's hardworking.	268.4	82	266.24	10	/aɪz tɒm hɑrdwɜːkɪŋ tɪm/	Anh Tom chăm chỉ không, Tim?
670	Is Tom hardworking, Tim?	272.36	83	270.04	10	/noʊ hiːz nɑt/	Không, anh ấy không.
671	No, he isn't.	274.8	84	272.36	10	/kæn juː rɪmɛmbər/	Anh ấy như thế nào?
672	What is Tom like?	276.8	85	274.8	10	/hiːz leɪzi/	Anh ấy lười biếng.
673	Can you remember?	278.72	86	276.8	10	/ðɪŋz wɔz aɪ əm ʃʊt leɪzi/	Đúng vậy. Tôi một chút lười biếng.
674	He's lazy.	285.96	87	283.88	10	/bɪli laɪk/	Anh ấy như thế nào?
675	That's right. I'm a bit lazy.	291.6	88	287.96	10	/hiːz frɛndli/	Anh ấy thân thiện.
676	What is Billy like?	294.24	89	291.6	10	/ðɪŋz wɔz aɪ frɛndli/	Đúng vậy. Tôi thân thiện.
677	He's friendly.	301.04	90	298.84	10	/wɑt ɛls ɪz hiː laɪk/	Anh ấy như thế nào nữa?
678	Correct. I'm friendly.	304.96	91	301.04	10	/hiːz fʌni/	Anh ấy hài hước.
679	What else is he like?	307.64	92	304.96	10	/ðɪŋz wɔz aɪ fʌni/	Đúng vậy, tôi hài hước.
680	He's funny.	314.96	93	312.8	10	/jʌ lɪk/	Anh ấy như thế nào?
681	That's right, I'm funny.	318.36	94	314.96	10	/lɛt ʌs noʊ ɪn ðə kəmɛntz/	Hãy cho chúng tôi biết trong bình luận!
682	What are you like?	320.76	95	318.36	10		
683	Let us know in the comments!	323.48	96	320.76	10		
684	Click here to listen to people in London	326.36	97	323.48	10		
685	talk about their personalities.	328.76	98	326.36	10		
686	And click here to subscribe to our channel.	332.16	99	328.76	10		
687	Bye!	335.24	100	334.28	10	/baɪ/	Tạm biệt!
688	From BBC Learning English.	2.52	0	0.36	11	/frəm ˈbiːbiːˈsiː ˈlɜːrnɪŋ ˈɪŋɡlɪʃ/	Từ BBC Learning English
689	This is Learning English from the News,\nour podcast about the news headlines.	7.32	1	2.52	11	ðɪs ɪz ˈlɜrnɪŋ ˈɪŋɡlɪʃ frəm ðə ˈnuːz, ˈaʊər ˈpɒdkæst əˈbaʊt ðə ˈnuːz ˈhɛdlaɪnz	Đây là Học tiếng Anh từ Tin tức, podcast của chúng tôi về các tiêu đề tin tức.
690	In this programme,	8.56	2	7.32	11	/ɪn ðɪs ˈproʊɡræm/	Trong chương trình này
691	Bad Bunny's Super Bowl performance\nand what people are saying about it.	13.52	3	8.56	11	/bæd ˈbʌniːz suːpər boʊl pərˈfɔrməns ənd wʌt piːpəl ɑr seɪɪŋ əbaʊt ɪt/	Biểu diễn Super Bowl của Bad Bunny và những gì mọi người nói về nó
692	Hello, I'm Pippa.	17.28	4	15.96	11	həˈloʊ ˈaɪm ˈpɪpə	Xin chào, tôi là Pippa
693	And I'm Becca.	18.4	5	17.28	11	/ænd aɪm ˈbɛkə/	Và tôi là Becca
694	In this programme,\nwe look at one big story	21.28	6	18.4	11	/ɪn ðɪs ˈproʊɡræm, wi lʊk æt wʌn bɪɡ ˈstɔri/	Trong chương trình này, chúng tôi xem xét một câu chuyện lớn
695	and the vocabulary in the headlines\nthat will help you understand it.	25.2	7	21.28	11	ænd ði ˈvɑːkəbjʊləri ɪn ði ˈhɛdlaɪnz ðæt wɪl ˈhɛlp ju ˌʌndərˈstænd ɪt	và từ vựng trong các tiêu đề đó sẽ giúp bạn hiểu nó.
696	You can find all the vocabulary\nand headlines from this episode,	28.84	8	25.2	11	juː kæn faɪnd ɔl ðə vɒkəbʊləri ænd hɛdlaɪnz frɒm ðɪs ɛpɪsəʊd	Bạn có thể tìm thấy tất cả từ vựng và tiêu đề từ tập này
697	as well as a worksheet\non our website, bbclearningenglish.com.	33.28	9	28.84	11	æz ˈwɛl æz ə ˈwɜːrkˌʃiːt ɒn ˈaʊər ˈwɛbˌsaɪt, ˌbiːˈbiːˈsiː ˈlɜːrnɪŋ ˈɪŋɡlɪʃˈdɒtˈkɒm	cũng như một tờ giấy làm việc trên trang web của chúng tôi, bbclearningenglish.com
698	So, let's hear more about this story.	36.8	10	33.28	11	soʊ ˈlɛts ˈhɪr ˈmɔr əbaʊt ðɪs ˈstɔri	Vậy, hãy nghe thêm về câu chuyện này.
699	Benito Antonio Martínez Ocasio,\nwho is the singer known as Bad Bunny,	47.2	11	41.92	11	/bəˈniːtoʊ ˌæntəˈniːoʊ ˌmɑːrtɪˈnɛz oʊˈkɑːsioʊ ˈhuː ɪz ðə ˈsɪŋər noʊn əz ˈbæd ˈbʌni/	Benito Antonio Martínez Ocasio, người được biết đến là ca sĩ với nghệ danh Bad Bunny,
700	gave a controversial performance	49.08	12	47.2	11	ˈɡeɪv ə kənˈtrəʊvərsiəl pərˈfɔrməns	đã đưa ra một buổi biểu diễn gây tranh cãi
701	at the Super Bowl halftime show\nlast weekend.	51.88	13	49.08	11	/æt ðə ˈsuːpər ˈboʊl ˈhæfˌtaɪm ˈʃoʊ ˈlæst ˈwiːkˌɛnd/	trong chương trình nghỉ giữa hiệp Super Bowl vào cuối tuần trước
702	His performance was like\nno other seen in Super Bowl history	55.36	14	51.88	11	hɪz ˈpɜːrfɔːrməns wəz laɪk noʊ ˈʌðər siːn ɪn ˈsuːpər ˈboʊl ˈhɪstəri	Hiệu suất của anh ấy giống như không có cái nào khác được thấy trong lịch sử Super Bowl
703	because it was entirely in Spanish.	57.52	15	55.36	11	bɪˈkɔz ɪt wəz ɛnˈtaɪərli ɪn spæˈnɪʃ	bởi vì nó hoàn toàn bằng tiếng Tây Ban Nha
704	Yes, the 14-minute set, which invited\ncelebrities to dance alongside him,	62.2	16	57.52	11	jes, ði ˈfɔrtiːn ˈmɪnɪt sɛt, ˈwɪtʃ ˈɪnvaɪtɪd ˈsɛləbɹɪtiːz tu dæns əˈlɔŋsaɪd hɪm	Vâng, bộ 14 phút, nơi mà những người nổi tiếng được mời nhảy cùng anh
705	had only one line in English,\nwhich was "God Bless America."	65.96	17	62.2	11	hæd ˈoʊnli wʌn laɪn ɪn ˈɪŋɡlɪʃ, ˈwɪtʃ wəz ˈɡɒd ˈblɛs əˈmɛrɪkə	chỉ có một dòng tiếng Anh, là "Chúa Bảo vệ Nước Mỹ."
706	This line was said just before naming\nmultiple countries and territories,	69.56	18	65.96	11	/ðɪs laɪn wəz sɛd dʒʌst bɪfɔr neɪmɪŋ ˈmʌltɪpəl ˈkʌntriz ənd ˈtɛrɪtɔriz/	Dòng này được nói ngay trước khi đặt tên nhiều quốc gia và vùng lãnh thổ
707	including his home country,\nPuerto Rico,	71.96	19	69.56	11	/ˈpwɛərtoʊ ˈriːkoʊ/	bao gồm cả quốc gia của mình, Puerto Rico,
708	with dancers carrying their flags\nin celebration.	74.84	20	71.96	11	wɪð ˈdænsərz ˈkæriɪŋ ˈðeɪr flæɡz ɪn sɛlɪˈbreɪʃən	với những vũ công mang theo lá cờ của họ trong lễ kỷ niệm
709	The BBC described it as "one big love\nletter to his native Puerto Rico."	79.96	21	74.84	11	/ˈbiːbiːsiː diˈskraɪbd ɪt æz wʌn bɪɡ lʌv lɛtər tu hɪz ˈneɪtɪv pɔərto ˈriːkoʊ/	BBC mô tả nó như là "một bức thư tình lớn dành cho quê hương Puerto Rico của anh ấy"
710	A billboard message was shown towards\nthe end that read,	83.08	22	79.96	11	ə ˈbɪlˌbɔrd ˈmɛsɪdʒ wəz ˈʃoʊn təˈwɔrdz ði ɛnd ðæt ˈrɛd	Một thông điệp trên bảng quảng cáo được hiển thị về phía cuối rằng
711	"The only thing more powerful\nthan hate is love."	86.24	23	83.68	11	/ði ˈoʊnli ˈθɪŋ ˈmɔr ˈpaʊərfəl ðæn ˈheɪt ɪz ˈlʌv/	Điều duy nhất mạnh mẽ hơn ghét là tình yêu
712	Bad Bunny than held an American\nfootball with the slogan in English,	90.32	24	86.24	11	bæd ˈbʌni ðæn hɛld ən əˈmɛrɪkən ˈfʊtbɔl wɪð ðə ˈsloʊɡən ɪn ˈɪŋɡlɪʃ	Bad Bunny sau đó cầm một quả bóng bầu dục Mỹ với khẩu hiệu bằng tiếng Anh
713	"Together we are America."	92.56	25	90.32	11	/təˈgɛðər wi ɑr əˈmɛrɪkə/	Cùng nhau chúng ta là Mỹ
714	But US President Donald Trump called\nthe performance "an affront	96.48	26	92.56	11	bʌt juˈɛs ˈprɛzɪdənt ˈdɒnəld trʌmp kɔld ðə pərˈfɔrməns ˈæn əˈfrʌnt	Nhưng Tổng thống Mỹ Donald Trump gọi buổi biểu diễn là "một sự xúc phạm"
715	to the greatness of America",\nmeaning he thought it was offensive.	100.4	27	96.48	11	tuː ðə ˈɡrɛtnɪs əv əˈmɛrɪkə	đến sự vĩ đại của Mỹ", ngụ ý rằng anh ấy nghĩ nó xúc phạm.
716	Other American Republicans\nwere also critical.	103.96	28	100.4	11	ˈʌðər əˈmɛrɪkən ˈrɛpʌb.lɪ.kənz ˈwɜr ˈɒl.soʊ ˈkrɪt.ɪ.kəl	Các đảng Cộng hòa Mỹ khác cũng chỉ trích.
717	Let's have our first headline.	105.8	29	103.96	11	ˈlɛts ˈhæv ˈaʊər ˈfɜrst ˈhɛdlaɪn	Hãy để chúng ta có tiêu đề đầu tiên.
718	This is from BBC News.	107.6	30	105.8	11	/ðɪs ɪz frəm ˈbiːbiː ˈnuːz/	Điều này từ BBC News
719	Bad Bunny makes history as Trump\ncriticises 'terrible' Super Bowl show.	112.6	31	107.6	11	/bæd ˈbʌni meɪks ˈhɪstəri əz trʌmp ˈkrɪtɪsaɪz ˈtɛrəbəl ˈsuːpər ˈboʊl ʃoʊ/	Bad Bunny tạo ra lịch sử khi Trump chỉ trích chương trình Super Bowl 'khủng khiếp'
720	That headline again from BBC News.	115.2	32	112.6	11	/ðæt ˈhɛdlaɪn əˈɡɛn frəm ˈbiːbiː ˈnuːz/	Tiêu đề đó một lần nữa từ BBC News
721	Bad Bunny makes history as Trump\ncriticises 'terrible' Super Bowl show.	120.24	33	115.2	11	/bæd ˈbʌni meɪks ˈhɪstəri əz trʌmp ˈkrɪtɪsaɪz ˈtɛrəbəl ˈsuːpər ˈboʊl ʃoʊ/	Bad Bunny tạo nên lịch sử khi Trump chỉ trích chương trình Super Bowl 'khủng khiếp'
722	This headline mentions how Bad\nBunny's performance made history.	124.24	34	120.24	11	ðɪs ˈhɛdlaɪn mɛnʃənz haʊ bæd ˈbʌniːz pərˈfɔrməns meɪd ˈhɪstəri	Tiêu đề này đề cập đến việc buổi biểu diễn của Bad Bunny đã tạo nên lịch sử.
723	What can you tell us\nabout this phrase, Pippa?	126.44	35	124.24	11	wʌt kæn ju tɛl ʌs əbaʊt ðɪs freɪz, ˈpɪpə	Bạn có thể cho chúng tôi biết về cụm từ này, Pippa?
724	Well, this phrase, 'makes history' is\na common expression,	130.24	36	126.44	11	/wɛl ˈðɪs freɪz ˈmeɪks ˈhɪstəri ɪz ə ˈkɒmən ɛksˈprɛʃən/	Vâng, cụm từ này, 'làm nên lịch sử' là một cụm từ thông thường,
725	which means to do something\nthat hasn't been done before.	133.68	37	130.24	11	hwɪtʃ mīnz tu du sʌmθɪŋ ðæt hæznt biːn dʌn bɪfɔr	nghĩa là làm điều gì đó chưa từng được thực hiện trước đây
726	Bad Bunny's performance made history\nbecause it was	136.52	38	133.68	11	bæd bʌniːz pərˈfɔrməns meɪd ˈhɪstəri bɪˈkɔz ɪt wəz	Hiệu suất của Bad Bunny đã làm nên lịch sử vì nó là
727	the first ever Super Bowl performance\nin Spanish.	139.68	39	136.52	11	ði ˈfɜrst ˈɛvər ˈsuːpər ˌboʊl pərˈfɔrməns ɪn ˈspænɪʃ	buổi biểu diễn Super Bowl đầu tiên từng có
728	It is likely to be remembered\nfor a long time.	142.68	40	139.68	11	ˈɪt ɪz ˈlaɪkli tu bi rɪˈmɛmbərd fɔr ə ˈlɔŋ ˈtaɪm	Nó có thể được nhớ đến trong một thời gian dài
729	Right, and the performance\nalso made history	145.16	41	142.68	11	raɪt ənd ði pərˈfɔrməns ˈɔlsoʊ ˈmeɪd ˈhɪstəri	Đúng, và buổi biểu diễn cũng làm nên lịch sử
730	because a young couple got married\nin the crowd around the stage	148.44	42	145.16	11	bɪˈkɔz ə jʌŋ ˈkʌpəl ˈɡɔt ˈmærɪd ɪn ðə ˈkraʊd əˈraʊnd ðə ˈsteɪdʒ	bởi vì một cặp vợ chồng trẻ đã kết hôn trong đám đông xung quanh sân khấu
731	as part of the show.	149.6	43	148.44	11	/æz pɑrt əv ði ʃoʊ/	là một phần của chương trình
732	Yes, the first\nof its kind at the Super Bowl.	153	44	149.6	11	jes, ði ˈfɜrst əv ɪts kaɪnd ət ðə ˈsuːpər ˈboʊl	Vâng, là loại đầu tiên của nó tại Super Bowl.
733	We've had make history do something\nthat hasn't been done before.	159.4	45	154.6	11	wiːv hæd meɪk ˈhɪstəri du ˈsʌmθɪŋ ðæt ˈhæznt biːn dʌn bɪˈfɔr	Chúng tôi đã tạo ra lịch sử làm điều gì đó mà chưa từng được thực hiện trước đây
734	For example,	162.32	46	161.08	11	/fɔr ˈɛɡzəmˌpəl/	Ví dụ
735	Ada Lovelace made history when she\nproduced the first computer programme.	167.12	47	162.32	11	ˈeɪdə ˈlʌvleɪs meɪd ˈhɪstəri ˈwɛn ʃi ˈprɒdjuːst ˈðə ˈfɜrst kəmˈpjutər ˈproʊɡræm	Ada Lovelace đã làm nên lịch sử khi cô tạo ra chương trình máy tính đầu tiên
736	This is Learning English from the News,\nour podcast about the news headlines.	176.52	48	171.96	11	ðɪs ɪz ˈlɜrnɪŋ ˈɪŋɡlɪʃ frəm ðə ˈnuːz, ˈaʊər ˈpɒdkɑst əˈbaʊt ðə ˈnuːz ˈhɛdlaɪnz	Đây là Học Tiếng Anh từ Tin Tức, podcast của chúng tôi về các tiêu đề tin tức.
737	Today we're talking about Bad Bunny's\nhistoric Super Bowl performance.	180.92	49	176.52	11	təˈdeɪ wiːr ˈtɔːkɪŋ əˈbaʊt ˈbæd ˈbʌniːz hɪˈstɔrɪk ˈsuːpər ˈboʊl pərˈfɔrməns	Hôm nay chúng ta đang nói về màn trình diễn Super Bowl lịch sử của Bad Bunny
738	Bad Bunny has recently made history\nby winning a Grammy	184.32	50	180.92	11	/bæd ˈbʌni ˈhæz ˈrɛsəntli ˈmeɪd ˈhɪstəri baɪ ˈwɪnɪŋ ə ˈɡræmi/	Bad Bunny gần đây đã tạo ra lịch sử bằng cách giành được một giải Grammy
739	for the Album of the Year with his\nSpanish album, Debí Tirar Más Fotos.	189.52	51	184.32	11	fɔr ði ˈælbəm əv ði ˈjɪər wɪð hɪz ˈspænɪʃ ˈælbəm deˈbi tiˈɾaɾ ˈmɑs ˈfoʊtɔs	cho Album của năm với album tiếng Tây Ban Nha của anh, Debí Tirar Más Fotos.
740	Yes, and he was also the most streamed\nartist globally on Spotify in 2025.	194.92	52	189.52	11	jes ænd hi wəz ɔlsəʊ ðə moʊst strɪmd ɑrtɪst ɡloʊbəli ɒn spɒtɪfaɪ ɪn 2025	Vâng, và anh ấy cũng là nghệ sĩ được phát trực tuyến nhiều nhất trên toàn cầu trên Spotify vào năm 2025.
741	During his performance\nat the Super Bowl,	197.36	53	194.92	11	/dʊˈrɪŋ haɪz ˈpərfɔrməns ət ðə ˈsuːpər ˈboʊl/	Trong suốt buổi biểu diễn của anh tại Super Bowl
742	Bad Bunny has an entire community\naround him.	200.6	54	197.36	11	/bæd ˈbʌni ˈhæz ən ˈɛnˌtaɪər ˈkɒmjuːnɪti əˈraʊnd ˈhɪm/	Bad Bunny có một cộng đồng hoàn chỉnh xung quanh anh ấy
743	You can see people playing dominoes,	202.72	55	200.6	11	/juː kæn siː ˈpiːpəl ˈpleɪɪŋ ˈdɒmɪnoʊz/	Bạn có thể thấy mọi người chơi domino,
744	street vendors selling\ntraditional Latin American food,	205.6	56	202.72	11	/striːt ˈvɛndərz ˈsɛlɪŋ traˈdɪʃənl ˈlætɪn əˈmɛrɪkən fuːd/	những người bán hàng rong bán thực phẩm truyền thống của Mỹ Latinh
745	and even a casita, or little house, like\nthe ones you might see in Puerto Rico.	211.44	57	205.6	11	ænd ˈɛvən ə ˈkæsɪtə ɔr ˈlɪtəl ˈhaʊs ˈlaɪk ðə ˈwʌnz ju ˈmaɪt ˈsi ɪn ˌpɔrtə ˈrikoʊ	và thậm chí một casita, hoặc một ngôi nhà nhỏ, như những ngôi nhà bạn có thể thấy ở Puerto Rico.
746	Our next headline is a review\nof his performance.	214.52	58	211.44	11	/aʊər nɛkst hɛdlaɪn ɪz ə riˈvjuː əv hɪz pərˈfɔrməns/	Tiêu đề tiếp theo của chúng tôi là một bài đánh giá về hiệu suất của anh ấy
747	This is from The Guardian,\na British newspaper.	217.32	59	214.52	11	ðɪs ɪz frəm ði ˈɡɑrdɪən ə ˈbrɪtɪʃ ˈnjuːzpeɪpər	Điều này từ The Guardian, một tờ báo Anh.
748	Bad Bunny's Super Bowl half-time show\nreview - a thrilling ode to Boricua joy.	223.56	60	217.32	11	/bæd ˈbʌniːz ˈsuːpər ˈboʊl ˈhæf ˈtaɪm ˈʃoʊ ˈrɪvjuː ə ˈθrɪlɪŋ ˈoʊd tuː ˈbɔrɪkwə ˈdʒɔɪ/	Chương trình giữa hiệp Super Bowl của Bad Bunny - một bản odes đầy phấn khích về niềm vui của người Boricua
749	That headline again\nfrom The Guardian.	225.88	61	223.56	11	/ðæt ˈhɛdlaɪn əˈɡɛn frəm ði ˈɡɑrdiən/	Tiêu đề đó một lần nữa từ The Guardian.
750	Bad Bunny Super Bowl half-time Show\nreview - a thrilling ode to Boricua joy.	231.56	62	225.88	11	/bæd ˈbʌni ˈsuːpər ˈboʊl ˈhæf ˈtaɪm ˈʃoʊ ˈrɪvjʊ ə ˈθrɪlɪŋ ˈoʊd tu ˌbɔriˈkwɑ ˈdʒɔɪ/	Bad Bunny Siêu cúp Bóng đá nửa thời gian Show xem lại - một bản odes đầy phấn khích về niềm vui của người Boricua
751	This headline is about how Bad\nBunny's performance shows his pride	235.36	63	231.56	11	ðɪs ˈhɛdlaɪn ɪz əˈbaʊt haʊ bæd ˈbʌniːz pərˈfɔrməns ˈʃoʊz hɪz praɪd	Tiêu đề này nói về việc màn trình diễn của Bad Bunny thể hiện niềm tự hào của anh ấy
752	and joy for Puerto Rico.	237.12	64	235.36	11	ænd ˈdʒɔɪ fɔr ˌpɔrtə ˈriːkoʊ	và niềm vui cho Puerto Rico
753	We're looking at this expression\n'ode to'.	240	65	237.12	11	/wiər ˈlʊkɪŋ æt ðɪs ɛkˈsprɛʃən ˈoʊdi tu/	Chúng tôi đang xem biểu thức này 'ode to'
754	Now, an ode is literally\na poem that celebrates	243.04	66	240	11	naʊ ən oʊdi ɪz ˈlɪtərəli ə poʊəm ðæt ˈsɛlɪbreɪts	Bây giờ, một khúc ca thực sự là một bài thơ ca ngợi
755	or expresses love for something.	245.04	67	243.04	11	ɔr ɛkˈsprɛsɪz lʌv fɔr sʌmθɪŋ	hoặc thể hiện tình yêu cho một điều gì đó
756	But we use the expression ode\nto something	248.48	68	245.04	11	bʌt wi juːz ði ɛksprɛʃən oʊdi tuː sʌmθɪŋ	Nhưng chúng tôi sử dụng cụm từ ode đến một thứ gì đó
757	to refer to anything\nthat celebrates or expresses love,	251.88	69	248.48	11	tuː rɪˈfɝː tu ˈɛnɪˌθɪŋ ðæt ˈsɛlɪbreɪts ɔr ˈɛksprɛsɪz ˈlʌv	để chỉ bất cứ điều gì đó kỷ niệm hoặc thể hiện tình yêu
758	for example, a song, a speech,\nor a letter.	254.6	70	251.88	11	fɔr ɛɡˈzæmpəl, ə sɔŋ, ə spiːtʃ, ɔr ə lɛtər	ví dụ, một bài hát, một bài phát biểu, hoặc một bức thư.
759	Exactly. As expressed in the headline,	257.24	71	254.6	11	/ɛɡˈzæktli/ /æz ɛkˈsprɛst ɪn ðə ˈhɛdlaɪn/	Chính xác. Như được thể hiện trong tiêu đề,
760	Bad Bunny's performance was an ode\nto Puerto Rican life and culture.	262.72	72	257.24	11	bæd ˈbʌniːz pərˈfɔrməns wəz ˈæn oʊdi tu ˌpɔrtə ˈriːkən ˈlaɪf ənd ˈkʌltʃər	Hiệu suất của Bad Bunny là một khúc ca cho cuộc sống và văn hóa Puerto Rico
761	We've had ode\nto something, such as a work of art	266.12	73	262.72	11	wiːv hæd oʊdi tu ˈsʌmθɪŋ, sʌtʃ əz ə ˈwɜːrk əv ˈɑːrt	Chúng tôi đã có ode đến một thứ gì đó, chẳng hạn như một tác phẩm nghệ thuật
762	or performance, that expresses\ncelebration or love for something.	271.6	74	266.12	11	/ɔr pərˈfɔrməns, ðæt ɛkˈsprɛsɪz sɛlɪˈbreɪʃən ɔr lʌv fɔr ˈsʌmθɪŋ/	hoặc hiệu suất, điều đó thể hiện sự kỷ niệm hoặc tình yêu cho một điều gì đó
763	For example, the CEO's retirement\nspeech was an ode to her company.	276.76	75	271.6	11	fɔr ɛɡzɑmpl, ði siːˈiːˈoʊz rɪˈtaɪərmənt spiːtʃ wəz ən oʊd tu hər ˈkʌmpəni	Ví dụ, bài phát biểu nghỉ hưu của CEO là một bài ca tụng cho công ty của cô ấy.
764	This is Learning English from\nthe News from BBC Learning English.	284.96	76	281.32	11	/ðɪs ɪz ˈlɜrnɪŋ ˈɪŋɡlɪʃ frəm ðə ˈnuːz frəm ˈbiːbiː ˈlɜrnɪŋ ˈɪŋɡlɪʃ/	Đây là Học tiếng Anh từ Tin tức từ BBC Học tiếng Anh
765	We're talking about Bad Bunny's	286.52	77	284.96	11	/wiːr tɔːkɪŋ əbaʊt bæd ˈbʌniːz/	Chúng tôi đang nói về Bad Bunny
766	Super Bowl performance.	288.16	78	286.52	11	ˈsuːpər ˈboʊl pərˈfɔrməns	Biểu diễn Super Bowl
767	Bad Bunny appeared previously\nas a guest singer for	291.32	79	288.16	11	/bæd ˈbʌni əˈpɪərd ˈprɪvɪəsli ˈæz ə ˈɡɛst ˈsɪŋɡər fɔr/	Bad Bunny xuất hiện trước đó như một ca sĩ khách mời cho
768	the 2020 Super Bowl halftime show.	294.2	80	291.32	11	ði 2020 suːpər boʊl hælf taɪm ʃoʊ	buổi diễn giữa hiệp Super Bowl 2020
769	This year's show featured a maze\nof sugarcane	296.84	81	294.2	11	/ðɪs jɪərz ʃoʊ fɪˈtʃərd ə meɪz ɒv ˈʃʊɡərkeɪn/	Chương trình năm nay có một mê cung đường mía
770	where Bad Bunny encountered symbols\nof Puerto Rican life,	300.04	82	296.84	11	/wɛr ˈbæd ˈbʌni ɛnˈkaʊntərd ˈsɪmbəlz ɒv ˌpɔrtə ˈriːkən ˈlaɪf/	nơi Bad Bunny gặp phải các biểu tượng của cuộc sống Puerto Rico
771	such as salsa dancing,\ncoconut water sellers, and a nail salon.	304.64	83	300.04	11	ˈsʌtʃ əz ˈsɑlsə ˈdænsɪŋ, ˈkoʊkənʌt ˈwɔtər ˈsɛlərz, ənd ə ˈneɪl səˈloʊn	như khiêu vũ salsa, người bán nước dừa và một tiệm làm móng
772	In the past, Bad Bunny\nhas been critical of President Trump,	308.68	84	304.64	11	ɪn ðə pæst, bæd bʌni hæz biːn krɪtɪkəl əv prɛzɪdənt trʌmp	Trong quá khứ, Bad Bunny đã chỉ trích Tổng thống Trump
773	but he did not use his performance	310.44	85	308.68	11	bʌt hi dɪd nɔt juːz hɪz ˈpɜːrfɔːrməns	nhưng anh ấy không sử dụng màn trình diễn của mình
774	at the Super Bowl to\ndirectly criticise the US government.	314.4	86	310.44	11	/æt ðə ˈsuːpər ˈboʊl tuː ˈdaɪrɛktli ˈkrɪtɪsaɪz ðə ˈjus ˈɡʌvərmənt/	tại Super Bowl để chỉ trích trực tiếp chính phủ Mỹ
775	Yes. As we mentioned,	315.76	87	314.4	11	/jes/ /æz/ /wi/ /ˈmenʃənd/	Vâng. Như chúng tôi đã đề cập,
776	Bad Bunny's performance was\na celebration of Puerto Rico,	318.72	88	315.76	11	/bæd ˈbʌniːz pərˈfɔrməns wəz ə sɛləˈbreɪʃən əv ˌpɔrtə ˈriːkoʊ/	Biểu diễn của Bad Bunny là một lễ kỷ niệm của Puerto Rico
777	but was described by President Trump\nas "absolutely ridiculous".	323.52	89	318.72	11	bʌt wəz dɪˈskraɪbd baɪ ˈprɛzɪdənt trʌmp æz ˈæbsəluːtli ˈrɪdɪkjʊləs	nhưng được Tổng thống Trump mô tả là
778	Here's our next headline.	325.84	90	323.52	11	/hɪrz ˈaʊər nɛkst ˈhɛdlaɪn/	Đây là tiêu đề tiếp theo của chúng tôi.
779	This headline is from the Financial\nTimes, a British business newspaper.	330.8	91	325.84	11	ˈðɪs ˈhɛdlaɪn ɪz frəm ði ˈfaɪnænʃəl ˈtaɪmz ə ˈbrɪtɪʃ ˈbɪznɪs ˈnoʊzpeɪpər	Tiêu đề này là từ Financial Times, một tờ báo kinh doanh của Anh.
780	Bad Bunny's Super Bowl halftime\nshow puts pizzazz before politics -	335.28	92	330.8	11	/bæd ˈbʌniːz ˈsuːpər ˈboʊl ˈhaɪfˌtaɪm ˈʃoʊ ˈpʊts ˈpɪzæz bɪˈfɔr ˈpɒlɪtɪks/	Buổi biểu diễn giữa hiệp Super Bowl của Bad Bunny đặt pizzazz lên trước chính trị -
781	but still irks Trump.	337.24	93	335.28	11	bʌt stɪl ɝrks trʌmp	nhưng vẫn làm Trump khó chịu
782	That headline again\nfrom the Financial Times.	340.2	94	337.24	11	ðæt ˈhɛdlaɪn əˈɡɛn frəm ði ˈfaɪnænʃəl ˈtaɪmz	Tiêu đề đó một lần nữa từ Financial Times.
783	Bad Bunny's Super Bowl halftime\nshow puts pizzazz before politics -	344.64	95	340.2	11	/bæd ˈbʌniːz ˈsuːpər ˈboʊl ˈhaɪfˌtaɪm ˈʃoʊ ˈpʊts ˈpɪzæz bɪˈfɔr ˈpɒlɪtɪks/	Buổi diễn giữa hiệp Super Bowl của Bad Bunny đặt pizzazz lên trước chính trị -
784	but still irks Trump.	346.84	96	344.64	11	bʌt stɪl ɝrks trʌmp	nhưng vẫn làm Trump khó chịu
785	This headline includes President Trump's\nreaction to Bad Bunny's performance.	351.44	97	346.84	11	/ˈdɪs ˈhɛdlaɪn ɪnˈkludz ˈprɛzɪdənt ˈtrʌmpz riˈækʃən tu ˈbæd ˈbʌniːz pərˈfɔrməns/	Tiêu đề này bao gồm phản ứng của Tổng thống Trump với buổi biểu diễn của Bad Bunny
786	It says the performance irks him,\nwhich means annoys him.	355.4	98	351.44	11	/ɪt seɪz ðə pərˈfɔrməns ɝrks ˈhɪm, ˈwɪtʃ mīnz əˈnɔiz ˈhɪm/	Nó nói rằng hiệu suất làm cho anh ta khó chịu, điều đó có nghĩa là làm cho anh ta bực tức.
787	But we're not focusing on this word.	357.52	99	355.4	11	/bʌt wiər noʊ ˈfoʊkəsɪŋ ɒn ðɪs wɜrd/	Nhưng chúng tôi không tập trung vào từ này.
788	We're going to look\nat the word pizzazz.	359.8	100	357.52	11	/wiər ˈɡoʊɪŋ tu lʊk æt ði wɜrd ˈpɪzæz/	Chúng tôi sẽ xem xét từ pizzazz.
789	Pizzazz means\nan energetic or excitable quality.	363.36	101	359.8	11	ˈpɪzæz miːnz ən ˌɛnəˈdʒɛtɪk ɔr ɛkˈsaɪtəbəl ˈkwɑlɪti	Pizzazz có nghĩa là một chất lượng năng động hoặc dễ bị kích động
790	We use pizzazz to refer\nto things like performances,	366.36	102	363.36	11	/wi ˈjuːz ˈpɪzæz tu rɪˈfɝ tu ðɪŋz laɪk pərˈfɔrməns/	Chúng tôi sử dụng pizzazz để chỉ những thứ như các buổi biểu diễn
791	or things that are glamorous\nor noticeable.	368.92	103	366.36	11	ɔr ˈθɪŋz ðæt ɑr ˈɡlæmərəs ɔr ˈnoʊtɪsəbəl	hoặc những thứ quyến rũ hoặc dễ nhận thấy
792	We say they have pizzazz.	371.12	104	368.92	11	/wi sɛɪ ðeɪ hæv pɪˈzæz/	Chúng tôi nói rằng họ có pizzazz.
793	And let's look at how it's used.	373.32	105	371.12	11	/ænd lets lʊk æt haʊ ɪts juːzd/	Và hãy xem nó được sử dụng như thế nào.
794	In the headline,	374.48	106	373.32	11	/ɪn ðə ˈhɛdlaɪn/	Trong tiêu đề,
795	it says that Bad Bunny's halftime\nshow put pizzazz before politics.	379.56	107	374.48	11	ɪt seɪz ðæt bæd bʌniːz hælfˈtaɪm ʃoʊ pʊt pɪˈzæz bɪˈfɔr ˈpɒlɪtɪks	nó nói rằng chương trình giữa hiệp của Bad Bunny đã đặt pizzazz trước chính trị
796	Could you tell us\nwhat this means, Pippa?	381.72	108	379.56	11	ˈkʊd ju tɛl ʌs wɑt ðɪs mīnz, ˈpɪpə	Bạn có thể cho chúng tôi biết điều này có nghĩa là gì, Pippa?
797	Of course.\nTo put something	383.28	109	381.72	11	ʌv ˈkɔrs	Tất nhiên. Để đặt một thứ gì đó
798	before another thing is to give it\ngreater priority or importance.	387.68	110	383.28	11	bɪˈfɔr əˈnʌðər ˈθɪŋ ɪz tu ˈɡɪv ɪt ˈɡreɪtər ˈpraɪərɪti ɔr ɪmˈpɔrtəns	trước khi một điều gì khác là để đưa nó ưu tiên cao hơn hoặc quan trọng.
799	So, for example, I could say that I\noften put work before family.	392.32	111	387.68	11	soʊ ˈfɔr ɪɡˈzæmpəl ˈaɪ kʊd ˈseɪ ðæt ˈaɪ ˈɒfən ˈpʊt ˈwɜrk bɪˈfɔr ˈfæmɪli	Vậy, ví dụ, tôi có thể nói rằng tôi thường đặt công việc lên trên gia đình.
800	Right. So, bad Bunny put pizzazz\nbefore politics.	395.76	112	392.32	11	raɪt soʊ bæd ˈbʌni ˈpʊt ˈpɪzæz bɪˈfɔr ˈpɒlɪtɪks	Đúng. Vậy, bad Bunny đặt pizzazz trước chính trị.
801	He put on an exciting show rather\nthan focusing on politics.	400.32	113	395.76	11	hi ˈpʊt ɔn ən ˈɛksaɪtɪŋ ˈʃoʊ ˈræðər ðæn ˈfoʊkəsɪŋ ɔn ˈpɒlɪtɪks	Anh ấy đã đưa ra một chương trình thú vị hơn là tập trung vào chính trị
802	Let's have a recap.	404.44	114	403.04	11	/lɛts hæv ə rɪˈkæp/	Hãy cùng nhau tổng kết lại.
803	We had pizzazz,\nan energetic or excitable quality.	408.88	115	404.44	11	/ˈpɪzæz/	Chúng tôi đã có pizzazz, một chất lượng năng động hoặc dễ bị kích động.
804	For example, I love musicals.	411.52	116	408.88	11	fɔr ɪɡˈzæmpəl, aɪ lʌv ˈmjuːzɪkəlz	Ví dụ, tôi yêu thích nhạc kịch
805	The performances always have\nso much pizzazz.	414.6	117	411.52	11	/ði ˈpərfɔrməns ˈɔlweɪz ˈhæv ˌsoʊ ˈmʌtʃ pɪˈzɑz/	Các buổi biểu diễn luôn có rất nhiều pizzazz.
806	That's it for this episode\nof Learning English from the News.	417.92	118	414.6	11	/ðæts ɪt fɔr ðɪs ˈɛpɪsəʊd əv ˈlɜrnɪŋ ˈɪŋɡlɪʃ frəm ðə ˈnuːz/	Đó là tất cả cho tập này của Học tiếng Anh từ Tin tức
807	We'll be back next week\nwith another news story.	420.28	119	417.92	11	/wiːl biː bæk nɛkst wiːk wɪð əˈnʌðər nuːz ˈstɔri/	Chúng tôi sẽ trở lại vào tuần tới với một câu chuyện tin tức khác.
808	If you like music, you might enjoy\nour series, My Song, My Home,	424.32	120	420.28	11	/ɪf ju laɪk mjuːzɪk ju maɪt ɛnˈdʒɔɪ aʊər sɪriːz maɪ sɔŋ maɪ hoʊm/	Nếu bạn thích âm nhạc, bạn có thể thích loạt bài của chúng tôi, Bài hát của tôi, Ngôi nhà của tôi
809	where we learn English\nfrom songs around the UK.	427.44	121	424.32	11	ˈwɛr wi lɜrn ˈɪŋɡlɪʃ from sɔŋz əˈraʊnd ðə ˈjuːˌkeɪ	nơi chúng tôi học tiếng Anh từ các bài hát xung quanh Vương quốc Anh
810	You can find episodes\nat bbclearningenglish.com	430.72	122	427.44	11	juː kæn faɪnd ˈɛpɪsoʊdz æt biːbiːsiː lɜːrnɪŋ ˈɪŋɡlɪʃˈdɒt kɒm	Bạn có thể tìm thấy các tập tại bbclearningenglish.com
811	And don't forget to follow us on\nsocial media at BBC Learning English.	435.32	123	430.72	11	/ænd doʊnt fərɡɛt tu fɔloʊ əs ɒn soʊʃəl ˈmiːdiə æt ˈbiːbiː ˈlɜrnɪŋ ˈɪŋɡlɪʃ/	Và đừng quên theo dõi chúng tôi trên các phương tiện truyền thông xã hội tại BBC Learning English.
812	Bye for now.\nGoodbye.	437.24	124	435.32	11	baɪ fɔr naʊ ɡʊdbaɪ	Tạm biệt bây giờ. Tạm biệt.
2577	Hello and welcome\nto Real Easy English,	2.92	0	0.04	12	/həˈloʊ ænd ˈwɛl.kəm/	Xin chào và chào đón
2578	the podcast where we have\nreal conversations in easy English	7.04	1	2.92	12	/ði ˈpɒd.kæst ˈwɛr wi ˈhæv ˈriəl kənˈvɜrˌseɪʃənz ɪn ˈiːzi ˈɪŋɡlɪʃ/	chuỗi podcast nơi chúng tôi có những cuộc trò chuyện thực sự trong tiếng Anh dễ dàng
2579	to help you learn.	8.08	2	7.04	12	/tu ˈhɛlp ju lɜrn/	để giúp bạn học.
2580	I'm Neil.	8.92	3	8.08	12	/aɪm ˈniːl/	Tôi là Neil.
2581	And I'm Georgie.	10.16	4	8.92	12	/ænd aɪm ˈdʒɔrdʒi/	Và tôi là Georgie.
2582	You can now watch this podcast and\nfind a worksheet to help you learn	14.08	5	10.16	12	/ju kæn naʊ ˈwɑtʃ ðɪs ˈpɒd.kæst ænd ˈfaɪnd ə ˈwɜrˌkʃiːt tu ˈhɛlp ju lɜrn/	Bây giờ bạn có thể xem podcast này và tìm một tờ giấy tập để giúp bạn học
2583	on our website, bbclearningenglish.com.	16.56	6	14.08	12	/ɒn ˈaʊər ˈwɛb.saɪt ˌbiːˈsiː ˌlɜrnɪŋ ˈɪŋɡlɪʃ ˌdɒt ˈkɒm/	trên trang web của chúng tôi, bbclearningenglish.com.
2584	So, Georgie, how are you?	26.16	7	24.36	12	/soʊ ˈdʒɔrdʒi haʊ ɑr ju/	Vậy, Georgie, bạn thế nào?
2585	I'm very tired, actually.	27.72	8	26.16	12	/aɪm ˈvɛri ˈtɪərd ˈæk.tʃu.əli/	Tôi rất mệt, thực sự.
2586	I've had a lot of social plans\nlately. How about you?	31.68	9	27.72	12	/aɪ ˈhæv ˈhæd ˈmɛni ˈsoʊʃəl ˈplænz ˈlaɪt.li/	Tôi đã có nhiều kế hoạch xã hội gần đây.
2587	Yeah. I'm fine.\nSocial plans?	33.88	10	31.68	12	/jɑ ˈbæn ˈðɛn ˈsoʊ/	Vậy bạn thì sao?
2588	That's interesting, because\nwe're talking about friends today.	37.4	11	33.88	12	/ðæt ˈðɪŋ ɪz ˈɪntərɛstɪŋ ˈbɪˌkɒz wi ɑr ˈtɔkɪŋ ˈæb.aʊt ˈfrɛndz təˈdeɪ/	Điều đó thú vị, bởi vì chúng tôi đang nói về bạn bè hôm nay.
2589	Yes, we're talking about socialising,\nwhich means spending time	40.64	12	37.4	12	/jɛs wi ɑr ˈtɔkɪŋ ˈæb.aʊt ˈsoʊʃəlaɪzɪŋ/	Vâng, chúng tôi đang nói về việc xã hội hóa,
2590	with people for fun.	42.28	13	40.64	12	/ˈmɛnɪŋ ˈspɛndɪŋ ˈtaɪm wɪð ˈpiːpəl fɔr ˈfʌn/	nghĩa là dành thời gian với mọi người để vui vẻ.
2591	So, Neil, do you like spending time\nwith friends?	45.2	14	42.28	12	/soʊ ˈniːl du ju ˈlaɪk ˈspɛndɪŋ ˈtaɪm wɪð ˈfrɛndz/	Vậy, Neil, bạn có thích dành thời gian với bạn bè không?
2592	Yeah, I love spending time\nwith my friends.	48.36	15	45.2	12	/jɑ ˈaɪ ˈlʌv ˈspɛndɪŋ ˈtaɪm wɪð ˈmaɪ ˈfrɛndz/	Vâng, tôi yêu thích dành thời gian với bạn bè của tôi.
2593	If I don't see my friends very\noften, I feel a bit sad and lonely.	54.48	16	48.36	12	/ɪf aɪ ˈdoʊnt ˈsi ˈmaɪ ˈfrɛndz ˈvɛri ˈɒfən aɪ ˈfiːl ə ˈbɪt ˈsæd ænd ˈloʊnli/	Nếu tôi không gặp bạn bè của mình thường xuyên, tôi cảm thấy một chút buồn và cô đơn.
2594	So yeah, I\nreally like seeing my friends,	56.56	17	54.48	12	/soʊ jɑ ˈaɪ ˈrɪli ˈlaɪk ˈsiːɪŋ ˈmaɪ ˈfrɛndz/	Vậy, vâng, tôi thực sự thích gặp bạn bè của mình,
2595	but I don't get to see them very often\nbecause, you know, we're grown-ups	62.88	18	56.56	12	/bʌt aɪ ˈdoʊnt ˈɡɛt tu ˈsi ˈðɛm ˈvɛri ˈɒfən ˈbɪˌkɒz ju ˈnoʊ wi ɑr ˈɡroʊn ˈʌps/	nhưng tôi không gặp họ thường xuyên vì, bạn biết đấy, chúng tôi là người lớn
2596	and we have responsibilities.	64.8	19	62.88	12	/ænd wi ˈhæv ˌrɛs.pɒnˈsɪ.bɪl.ɪ.ti/	và chúng tôi có trách nhiệm.
2597	You have kids,\nyou have lots of things going on.	68	20	64.8	12	/ju ˈhæv ˈkɪdz ju ˈhæv ˈlɒts əv ˈθɪŋz ˈɡoʊ.ɪŋ ɒn/	Bạn có con, bạn có rất nhiều thứ đang xảy ra.
2598	I also like spending time\nwith my friends.	70.12	21	68	12	/aɪ ˈɒl.soʊ ˈlaɪk ˈspɛndɪŋ ˈtaɪm wɪð ˈmaɪ ˈfrɛndz/	Tôi cũng thích dành thời gian với bạn bè của tôi.
2599	I have lots of friends.	71.4	22	70.12	12	/aɪ ˈhæv ˈlɒts əv ˈfrɛndz/	Tôi có rất nhiều bạn bè.
2600	As I said, I've had a lot\nof social plans lately.	74.92	23	71.4	12	/æz aɪ ˈsɛd aɪ ˈhæv ˈhæd ˈmɛni ˈsoʊʃəl ˈplænz ˈlaɪt.li/	Như tôi đã nói, tôi đã có rất nhiều kế hoạch xã hội gần đây.
2601	Pretty much every day\nI've been socialising.	77.64	24	74.92	12	/ˈprɪt.i ˈmʌtʃ ˈɛv.ri ˈdeɪ aɪv ˈbiːn ˈsoʊʃəlaɪzɪŋ/	Đầu như mọi ngày tôi đều có những cuộc xã hội hóa.
2602	Wow, so you like socialising but\ndo you like things like parties or	83.8	25	77.64	12	/waʊ soʊ ju ˈlaɪk ˈsoʊʃəlaɪzɪŋ bʌt du ju ˈlaɪk ˈθɪŋz ˈlaɪk ˈpɑrt.i/	Ồ, vậy bạn thích xã hội hóa nhưng bạn có thích những thứ như bữa tiệc hay
2603	do you prefer smaller social events?	86.64	26	83.8	12	/ˈdu ju ˈprɛfər ˈsmɔlər ˈsoʊʃəl ɪˈvɛnts/	bạn thích những sự kiện xã hội nhỏ hơn?
2604	I do really like big parties\nbecause I like meeting new people.	91.8	27	86.64	12	/aɪ ˈdu ˈrɪli ˈlaɪk ˈbɪɡ ˈpɑrt.i ˈbɪˌkɒz aɪ ˈlaɪk ˈmiːtɪŋ ˈnu ˈpiːpəl/	Tôi thực sự thích những bữa tiệc lớn vì tôi thích gặp gỡ những người mới.
2605	I like dancing as well.	93.64	28	91.8	12	/aɪ ˈlaɪk ˈdænsɪŋ əz ˈwɛl/	Tôi cũng thích nhảy múa.
2606	So, at big parties,\nusually there's some music.	97.44	29	93.64	12	/soʊ ˈæt ˈbɪɡ ˈpɑrt.i/	Vậy, tại những bữa tiệc lớn,
2607	But I do have a shy side\nof my personality,	102.08	30	97.44	12	/ˈjuʒ.u.əli ˈðɛrz ˈsʌm ˈmjuː.zɪk/	thường thì có nhạc.
2608	so usually\na smaller event is better for me.	105.84	31	102.08	12	/bʌt aɪ ˈdu ˈhæv ə ˈʃaɪ ˈsaɪd əv ˈmaɪ ˌpɜr.səˈnæl.ɪ.ti/	Nhưng tôi có một bên lặng lẽ của tính cách tôi,
2609	So, I can have kind of deeper\nconversations with fewer people.	110.6	32	105.84	12	/soʊ ˈaɪ ˈkæn ˈhæv ˈkaɪnd əv ˈdiːpər ˌkɒn.vɜrˌseɪʃənz wɪð ˈfju ˈpiːpəl/	vì vậy, thông thường một sự kiện nhỏ hơn là tốt hơn cho tôi.
2610	How about you?	112.08	33	110.6	12	/haʊ ˈæb.aʊt ju/	Vậy bạn thì sao?
2611	Yeah. I don't really like\nthat situation	116.88	34	112.08	12	/jɑ ˈaɪ ˈdoʊnt ˈrɪli ˈlaɪk ˈðæt ˈsɪtʃ.uˈeɪʃən/	Vâng, tôi không thực sự thích tình huống đó
2612	where you're at a party\nand don't know lots of people.	119.76	35	116.88	12	/ˈwɛr ju ɑr ˈæt ə ˈpɑrt.i ænd ˈdoʊnt ˈnoʊ ˈlɒts əv ˈpiːpəl/	nơi bạn ở một bữa tiệc và không biết nhiều người.
2613	So, a small group\nof people that I mainly know,	124.12	36	119.76	12	/soʊ ə ˈsmɔl ˈɡruːp əv ˈpiːpəl ˈðæt aɪ ˈmeɪn.li ˈnoʊ/	Vậy, một nhóm nhỏ những người mà tôi chủ yếu biết,
2614	and there's one or two people\nwho I don't know	126.48	37	124.12	12	/ænd ˈðɛr ˈæz ˈwʌn ɔr ˈtu ˈpiːpəl ˈðæt aɪ ˈdoʊnt ˈnoʊ ˈsə ˈwɛl/	và có một hoặc hai người mà tôi không biết rõ, điều đó ổn.
2615	so well, that's fine.	128.96	38	126.48	12	/bʌt ə ˈbɪɡər ˈɡruːp wɪð ˈlɒts əv ˈpiːpəl ˈðæt aɪ ˈdoʊnt ˈnoʊ/	Nhưng một nhóm lớn hơn với nhiều người mà tôi không biết –
2616	But a bigger group\nwith lots of people I don't know –	132.92	39	128.96	12	/aɪ ˈrɪli ˈdoʊnt ˈlaɪk ˈðæt/	tôi thực sự không thích điều đó.
2617	I really don't like that.	134.44	40	132.92	12	/ænd ˈwaɪ ɪz ˈðæt/	Và tại sao lại như vậy?
2618	And why is that? Is that\nbecause you don't like small talk?	138.64	41	134.44	12	/ɪz ˈðæt ˈbɪˌkɒz ju ˈdoʊnt ˈlaɪk ˈsmɔl ˈtɔk/	Là vì bạn không thích những cuộc trò chuyện nhỏ?
2619	Yeah.	140.44	42	138.64	12	/jɑ/	Vâng.
2620	I don't really like small talk.	142.4	43	140.44	12	/aɪ ˈdoʊnt ˈrɪli ˈlaɪk ˈsmɔl ˈtɔk/	Tôi không thực sự thích những cuộc trò chuyện nhỏ.
2621	It feels a bit empty.	145.6	44	142.4	12	/ɪt ˈfɪlz ə ˈbɪt ˈɛm.ti/	Nó cảm thấy một chút trống rỗng.
2622	'Small talk' is conversations\nabout things that aren't important,	149.88	45	145.6	12	/ˈsmɔl ˈtɔk ɪz ˈkɒn.vɜrˌseɪʃənz ˈæb.aʊt ˈθɪŋz ˈðæt ɑrnt ɪmˈpɔrtnt/	'Cuộc trò chuyện nhỏ' là những cuộc trò chuyện về những thứ không quan trọng,
2623	like the weather, usually with\npeople that you don't know very well.	155.04	46	149.88	12	/ˈlaɪk ˈði ˈwɛˌðɜr ˈjuʒ.u.əli wɪð ˈpiːpəl ˈðæt ju ˈdoʊnt ˈnoʊ ˈvɛri ˈwɛl/	như thời tiết, thường thì với những người mà bạn không biết rõ.
2624	Yeah.	155.81	47	155.04	12	/jɑ/	Vâng.
2625	And you don't like that?	156.96	48	155.81	12	/ænd ju ˈdoʊnt ˈlaɪk ˈðæt/	Và bạn không thích điều đó?
2626	No. I find it awkward.	159.56	49	156.96	12	/noʊ aɪ ˈfaɪnd ɪt ˈɔk.wərd/	Không, tôi cảm thấy khó xử.
2627	So, Georgie,\nyou like meeting new people?	163.56	50	159.56	12	/soʊ ˈdʒɔrdʒi du ju ˈlaɪk ˈmiːtɪŋ ˈnu ˈpiːpəl/	Vậy, Georgie, bạn có thích gặp gỡ những người mới không?
2628	Do you feel embarrassed at all,\nor are you completely fine with that?	167.44	51	163.56	12	/du ju ˈfiːl ˈɛm.bɑrəst ət ɔl ɔr ɑr ju ˈkɒm.pliːt.li ˈfaɪn wɪð ˈðæt/	Bạn có cảm thấy xấu hổ không, hay bạn hoàn toàn ổn với điều đó?
2629	I think it depends.	169.64	52	167.44	12	/aɪ ˈθɪŋk ɪt ˈdɪˌpɛndz/	Tôi nghĩ rằng điều đó phụ thuộc.
2630	I think if you find a topic quite\nquickly that you have in common,	176.24	53	169.64	12	/aɪ ˈθɪŋk ɪf ju ˈfaɪnd ə ˈtɒpɪk ˈkwɪt ˈkwɪk.li ˈðæt ju ˈhæv ɪn ˈkɒmən/	Tôi nghĩ rằng nếu bạn tìm thấy một chủ đề khá nhanh mà bạn có chung,
2631	that avoids embarrassment.	178.48	54	176.24	12	/ˈðæt əˈvɔɪdz ɪmˈbɑrəsmənt/	điều đó tránh được sự xấu hổ.
2632	But it's when you...\nyou meet someone new,	182	55	178.48	12	/bʌt ˈwɛn ju ˈmiːt ˈsʌm.wʌn ˈnu/	Nhưng khi bạn... bạn gặp ai đó mới,
2633	you don't know them very well,\nobviously,	183.92	56	182	12	/ju ˈdoʊnt ˈnoʊ ˈðɛm/	bạn không biết họ,
2634	because they're new,\nand you don't know	185.72	57	183.92	12	/əv ˈkɔrs ˈbɪˌkɒz ˈðeɪ ɑr ˈnu/	tất nhiên, vì họ mới,
2635	what they like or don't like, or	187.92	58	185.72	12	/ænd ju ˈdoʊnt ˈnoʊ ˈwʌt ˈðeɪ ˈlaɪk ɔr ˈwʌt ˈðeɪ ˈdoʊnt ˈlaɪk/	và bạn không biết họ thích gì hay không thích gì,
2636	what they think is rude or not rude.	190.8	59	187.92	12	/ɔr ˈwʌt ˈðeɪ ˈθɪŋk ɪz ˈrʌd ɔr ˈnɒt ˈrʌd/	hay điều gì họ coi là thô lỗ hay không thô lỗ.
2637	But if you can figure that out quite\nquickly, it's... yeah, it's usually OK.	197	60	190.8	12	/bʌt ɪf ju ˈkæn ˈfɪɡər ˈaʊt ˈkwɪk.li ˈðɛn ɪts ˈjɑ ˈɪts ˈɒkɪ/	Nhưng nếu bạn có thể tìm ra điều đó khá nhanh, thì đó là... vâng, điều đó ổn.
2638	Do you usually feel\nquite embarrassed then?	200.64	61	197	12	/du ju ˈjuʒ.u.əli ˈfiːl ˈɛm.bɑrəst/	Bạn thường cảm thấy xấu hổ không?
2639	Sometimes. Like you said, it depends.	202.84	62	200.64	12	/ˈsʌm.taɪmz ˈlaɪk ju ˈsɛd ɪt ˈdɪˌpɛndz/	Đôi khi, như bạn đã nói, điều đó phụ thuộc.
2640	If you find something that you have\nin common and you can talk about that,	208.32	63	202.84	12	/ɪf ju ˈfaɪnd ˈsʌm.θɪŋ ˈðæt ju ˈhæv ɪn ˈkɒmən ænd ju ˈkæn ˈtɔk ˈæb.aʊt ɪt/	Nếu bạn tìm thấy điều gì đó mà bạn có chung và bạn có thể nói về điều đó,
2641	but sometimes you don't\nfind something in common,	211.48	64	208.32	12	/bʌt ˈsʌm.taɪmz ju ˈdoʊnt ˈfaɪnd ˈsʌm.θɪŋ ɪn ˈkɒmən/	nhưng đôi khi bạn không tìm thấy điều gì chung,
2642	and then it's really, I don't know,	213.6	65	211.48	12	/ˈðɛn ɪts ˈrɪli ˈaɪ ˈdoʊnt ˈnoʊ/	thì điều đó thật... tôi không biết,
2643	embarrassing, I suppose.	215.24	66	213.6	12	/ɪmˈbɑrəsɪŋ ˈaɪ ˈsʌp.oʊz/	xấu hổ, tôi đoán vậy.
2644	I feel strange\njust thinking about it.	219.6	67	215.24	12	/aɪ ˈfiːl ˈstraɪndʒ ˈdʒʌst ˈθɪŋkɪŋ ˈæb.aʊt ɪt/	Tôi cảm thấy kỳ lạ chỉ nghĩ về điều đó.
2645	You obviously... you like parties,\nyou like socialising.	223	68	219.6	12	/ju ˈɒb.vi.əs.li ˈlaɪk ˈpɑrt.i ˈju ˈlaɪk ˈsoʊʃəlaɪzɪŋ/	Bạn rõ ràng... bạn thích những bữa tiệc, bạn thích xã hội hóa.
2646	But do you like spending time alone?	226.4	69	223	12	/bʌt du ju ˈlaɪk ˈspɛndɪŋ ˈtaɪm əˈlɔn/	Nhưng bạn có thích dành thời gian một mình không?
2647	I get more energy\nfrom spending time alone and relaxing	230.56	70	226.4	12	/aɪ ˈɡɛt ˈmɔr ˈɛnərdʒi ˈfrɔm ˈspɛndɪŋ ˈtaɪm əˈlɔn ænd rɪˈlæksɪŋ/	Tôi có được nhiều năng lượng hơn từ việc dành thời gian một mình và thư giãn
2648	and not talking to anyone.	233.08	71	230.56	12	/ænd ˈnɒt ˈtɔkɪŋ tu ˈɛni.wʌn/	và không nói chuyện với ai.
2649	I often get what I call social burnout,\nwhich means you just get exhausted	238.64	72	233.08	12	/aɪ ˈɒfən ˈɡɛt ˈwʌt aɪ ˈkɔl ˈsoʊʃəl ˈbɜrn.aʊt/	Tôi thường có những gì tôi gọi là kiệt sức xã hội,
2650	from spending too much time\nwith others. How about you?	243.44	73	238.64	12	/ˈmɛnɪŋ ju ˈdʒʌst ˈɡɛt ˈɛksˌhɔstɪd ˈfrɔm ˈspɛndɪŋ tu ˈmʌtʃ ˈtaɪm wɪð ˈʌðərz/	nghĩa là bạn chỉ cảm thấy kiệt sức từ việc dành quá nhiều thời gian với người khác.
2651	Well, yeah.	245.28	74	243.44	12	/wɛl jɑ/	Vậy bạn thì sao?
2652	Spending time alone\nis also important.	248.36	75	245.28	12	/ˈspɛndɪŋ ˈtaɪm əˈlɔn ɪz ˈɒl.soʊ ɪmˈpɔrtnt/	Dành thời gian một mình cũng quan trọng.
2653	And I like to do that,\nbut not so much.	254.68	76	248.36	12	/ænd aɪ ˈlaɪk tu ˈdu ˈðæt bʌt ˈnɒt ˈsə ˈmʌtʃ/	Và tôi thích làm điều đó, nhưng không nhiều.
2654	Not as much as maybe\nspending time with people,	257.88	77	254.68	12	/ˈnɒt ˈsə ˈmʌtʃ əz ˈmeɪ.bi ˈspɛndɪŋ ˈtaɪm wɪð ˈpiːpəl/	Không nhiều như có thể dành thời gian với người khác,
2655	because, like I said before,\nif I'm alone for too long,	262.36	78	257.88	12	/ˈbɪˌkɒz ˈlaɪk aɪ ˈsɛd ˈbɪˌfɔr ɪf aɪ ɑm əˈlɔn tu ˈlɔŋ/	bởi vì, như tôi đã nói trước đó, nếu tôi một mình quá lâu,
2656	I get a bit lonely and feel a bit,\nI don't know, just lacking energy.	268.72	79	262.36	12	/aɪ ˈɡɛt ə ˈbɪt ˈloʊn.li ænd ˈfɪl ə ˈbɪt ˈlækɪŋ ɪn ˈɛnərdʒi/	tôi cảm thấy một chút cô đơn và thiếu năng lượng.
2657	Let's recap the vocabulary we heard\nin this podcast.	277.76	80	274.24	12	/ˈlɛts ˈriː.kæp ˈði ˈvɒkəb.ju.ləri wi ˈhɜrd ɪn ðɪs ˈpɒd.kæst/	Hãy tổng kết lại từ vựng chúng ta đã nghe trong podcast này.
2658	Starting with 'socialise', which means\nto spend time with friends	281.76	81	277.76	12	/ˈstɑrtɪŋ wɪð ˈsoʊʃəlaɪz ˈmɛnɪŋ tu ˈspɛnd ˈtaɪm wɪð ˈfrɛndz/	Bắt đầu với 'xã hội hóa', nghĩa là dành thời gian với bạn bè
2659	or other people to enjoy yourself.	284.76	82	281.76	12	/ɔr ˈʌðər ˈpiːpəl tu ɪnˈdʒɔɪ ˈjɜrˌsɛlf/	hoặc những người khác để vui vẻ.
2660	We had 'small talk', which is conversation\nabout things which aren't important,	289.44	83	284.76	12	/wi ˈhæd ˈsmɔl ˈtɔk ˈmɛnɪŋ ˈkɒn.vɜrˌseɪʃənz ˈæb.aʊt ˈθɪŋz ˈðæt ɑrnt ɪmˈpɔrtnt/	Chúng tôi đã có 'trò chuyện nhỏ', là cuộc trò chuyện về những thứ không quan trọng,
2661	such as the weather or the traffic.	291.68	84	289.44	12	/ˈlaɪk ˈði ˈwɛˌðɜr ɔr ˈði ˈtræfɪk/	như thời tiết hoặc giao thông.
2662	We use small talk a lot in the UK.	294.28	85	291.68	12	/wi ˈjuːz ˈsmɔl ˈtɔk ə ˈlɒt ɪn ði ˈjuːˈkeɪ/	Chúng tôi sử dụng trò chuyện nhỏ rất nhiều ở Anh.
2663	We heard some adjectives to describe how\nyou might feel about meeting new people.	299.44	86	294.28	12	/wi ˈhɜrd ˈsʌm ˈædʒɪktɪvz tu ˈdɪˌskraɪb ˈhaʊ ju ˈfiːl ˈæb.aʊt ˈmiːtɪŋ ˈnu ˈpiːpəl/	Chúng tôi đã nghe một số tính từ để mô tả cách bạn cảm thấy khi gặp gỡ những người mới.
2664	So, we had 'embarrassed',\nwhich means feeling ashamed or shy.	304.44	87	299.44	12	/soʊ wi ˈhæd ˈɛm.bɑrəst ˈmɛnɪŋ ˈfiːlɪŋ ˈʃeɪmd ɔr ˈʃaɪ/	Vậy, chúng tôi đã có 'xấu hổ', nghĩa là cảm thấy xấu hổ hoặc rụt rè.
2665	And we also heard 'awkward',\nwhich means feeling uncomfortable	308	88	304.44	12	/ænd wi ˈɒl.soʊ ˈhɜrd ˈɔk.wərd/	Và chúng tôi cũng đã nghe 'khó xử',
2666	when you're meeting new people.	309.88	89	308	12	/ˈmɛnɪŋ ˈfiːlɪŋ ˈʌnˈkʌm.fətəbəl ˈwɛn ˈmiːtɪŋ ˈnu ˈpiːpəl/	nghĩa là cảm thấy không thoải mái khi gặp gỡ những người mới.
2667	We also heard 'in common',	311.76	90	309.88	12	/wi ˈɒl.soʊ ˈhɜrd ˈɪn ˈkɒmən/	Chúng tôi cũng đã nghe 'chung',
2668	so if you have something in common\nwith someone,	314.64	91	311.76	12	/ˈmɛnɪŋ ɪf ju ˈhæv ˈsʌm.θɪŋ ɪn ˈkɒmən wɪð ˈsʌm.wʌn/	nghĩa là nếu bạn có điều gì đó chung với ai đó,
2669	it means you share the same likes,\ndislikes, or interests with someone.	319.76	92	314.64	12	/ˈmɛnɪŋ ju ˈʃeɪr ˈði ˈseɪm ˈlaɪks ˈdɪsˈlaɪks ɔr ɪnˈtɛrɛsts wɪð ˈsʌm.wʌn/	nghĩa là bạn chia sẻ cùng sở thích, không thích, hoặc quan tâm với ai đó.
2670	That's it for this episode\nof Real Easy English.	322.96	93	319.76	12	/ˈðæt ˈɪz ɪt ˈfɔr ðɪs ˈɛpɪsəʊd əv ˈriəl ˈiːzi ˈɪŋɡlɪʃ/	Đó là hết cho tập này của Real Easy English.
2671	Test what you've learned by downloading\nthe free worksheet on our website,	327.2	94	322.96	12	/ˈtɛst ˈwʌt ˈjuv ˈlɜrnd ˈbaɪ ˈdɔwnˌloʊdɪŋ ði ˈfri ˈwɜrˌkʃiːt ɒn ˈaʊər ˈwɛb.saɪt/	Thử nghiệm những gì bạn đã học bằng cách tải xuống tờ giấy tập miễn phí trên trang web của chúng tôi,
2672	bbclearningenglish.com.	329	95	327.2	12	/ˌbiːˈsiː ˌlɜrnɪŋ ˈɪŋɡlɪʃ ˌdɒt ˈkɒm/	bbclearningenglish.com.
2673	See you then. Bye!	330.12	96	329	12	/ˈsi ˈjʊ ˈðɛn ˈbaɪ/	Tạm biệt rồi gặp lại.
2674	Bye!	331.24	97	330.12	12	/ˈbaɪ/	Tạm biệt!
\.


--
-- TOC entry 4924 (class 0 OID 16414)
-- Dependencies: 224
-- Data for Name: users; Type: TABLE DATA; Schema: public; Owner: postgres
--

COPY public.users (id, created_at, email, is_active, password, role, updated_at, username) FROM stdin;
1	2026-03-23 15:30:00.824676	a@gmail.com	t	123456	STUDENT	2026-03-23 15:30:00.824676	admin
2	2026-03-30 08:46:22.1771	admin@gmail.com	t	$2a$10$fpqC4FtVcTRX58Z1pOtDY.Parw4uwoq/E492BxW7RZ4I6RH37x4o6	USER	2026-03-30 08:46:22.1771	adminn
\.


--
-- TOC entry 4930 (class 0 OID 0)
-- Dependencies: 217
-- Name: evaluation_id_seq; Type: SEQUENCE SET; Schema: public; Owner: postgres
--

SELECT pg_catalog.setval('public.evaluation_id_seq', 17, true);


--
-- TOC entry 4931 (class 0 OID 0)
-- Dependencies: 219
-- Name: lesson_id_seq; Type: SEQUENCE SET; Schema: public; Owner: postgres
--

SELECT pg_catalog.setval('public.lesson_id_seq', 12, true);


--
-- TOC entry 4932 (class 0 OID 0)
-- Dependencies: 221
-- Name: sentence_id_seq; Type: SEQUENCE SET; Schema: public; Owner: postgres
--

SELECT pg_catalog.setval('public.sentence_id_seq', 2674, true);


--
-- TOC entry 4933 (class 0 OID 0)
-- Dependencies: 223
-- Name: users_id_seq; Type: SEQUENCE SET; Schema: public; Owner: postgres
--

SELECT pg_catalog.setval('public.users_id_seq', 2, true);


--
-- TOC entry 4758 (class 2606 OID 16396)
-- Name: evaluation evaluation_pkey; Type: CONSTRAINT; Schema: public; Owner: postgres
--

ALTER TABLE ONLY public.evaluation
    ADD CONSTRAINT evaluation_pkey PRIMARY KEY (id);


--
-- TOC entry 4760 (class 2606 OID 16404)
-- Name: lesson lesson_pkey; Type: CONSTRAINT; Schema: public; Owner: postgres
--

ALTER TABLE ONLY public.lesson
    ADD CONSTRAINT lesson_pkey PRIMARY KEY (id);


--
-- TOC entry 4762 (class 2606 OID 16412)
-- Name: sentence sentence_pkey; Type: CONSTRAINT; Schema: public; Owner: postgres
--

ALTER TABLE ONLY public.sentence
    ADD CONSTRAINT sentence_pkey PRIMARY KEY (id);


--
-- TOC entry 4764 (class 2606 OID 16422)
-- Name: users uk6dotkott2kjsp8vw4d0m25fb7; Type: CONSTRAINT; Schema: public; Owner: postgres
--

ALTER TABLE ONLY public.users
    ADD CONSTRAINT uk6dotkott2kjsp8vw4d0m25fb7 UNIQUE (email);


--
-- TOC entry 4766 (class 2606 OID 16424)
-- Name: users ukr43af9ap4edm43mmtq01oddj6; Type: CONSTRAINT; Schema: public; Owner: postgres
--

ALTER TABLE ONLY public.users
    ADD CONSTRAINT ukr43af9ap4edm43mmtq01oddj6 UNIQUE (username);


--
-- TOC entry 4768 (class 2606 OID 16420)
-- Name: users users_pkey; Type: CONSTRAINT; Schema: public; Owner: postgres
--

ALTER TABLE ONLY public.users
    ADD CONSTRAINT users_pkey PRIMARY KEY (id);


--
-- TOC entry 4769 (class 2606 OID 16425)
-- Name: evaluation fk2ukvq88drrpf0ggghcksc8eos; Type: FK CONSTRAINT; Schema: public; Owner: postgres
--

ALTER TABLE ONLY public.evaluation
    ADD CONSTRAINT fk2ukvq88drrpf0ggghcksc8eos FOREIGN KEY (sentence_id) REFERENCES public.sentence(id);


--
-- TOC entry 4771 (class 2606 OID 16435)
-- Name: sentence fkddieh501gsx93xhsm6d1j4pgi; Type: FK CONSTRAINT; Schema: public; Owner: postgres
--

ALTER TABLE ONLY public.sentence
    ADD CONSTRAINT fkddieh501gsx93xhsm6d1j4pgi FOREIGN KEY (lesson_id) REFERENCES public.lesson(id);


--
-- TOC entry 4770 (class 2606 OID 16430)
-- Name: evaluation fkqpsktd9js1aw0vd4e5m545ujt; Type: FK CONSTRAINT; Schema: public; Owner: postgres
--

ALTER TABLE ONLY public.evaluation
    ADD CONSTRAINT fkqpsktd9js1aw0vd4e5m545ujt FOREIGN KEY (user_id) REFERENCES public.users(id);


-- Completed on 2026-04-02 17:30:30

--
-- PostgreSQL database dump complete
--

\unrestrict khxdVZJ1Y1w4TaVZcmqFMRuK5WuNymkXjvZ9kIAbDmcsacZCyt72CKJPN3UmoNp

